latitude,longitude,elevation,time,hdop,vdop,speed,azimuth
45.161392,-84.939352,351.447331,2023-12-14 14:30:00-05:00,0.0,0.0,1.925749,113.100000
45.161381,-84.939219,351.358233,2023-12-14 14:30:15-05:00,0.0,0.0,0.473056,126.300000
45.161319,-84.939097,349.149894,2023-12-14 14:30:48-05:00,0.0,0.0,8.166359,125.500000
45.16126,-84.938995,346.674771,2023-12-14 14:30:50-05:00,0.0,0.0,11.210639,130.900000
45.161194,-84.93885,345.826564,2023-12-14 14:30:52-05:00,0.0,0.0,14.283393,123.500000
45.161138,-84.938731,344.387124,2023-12-14 14:30:54-05:00,0.0,0.0,12.545974,125.000000
45.161035,-84.938604,337.463842,2023-12-14 14:30:56-05:00,0.0,0.0,16.258409,137.100000
45.160973,-84.938392,336.352221,2023-12-14 14:30:58-05:00,0.0,0.0,18.412131,115.600000
45.160974,-84.93821,336.251504,2023-12-14 14:31:00-05:00,0.0,0.0,16.068699,96.100000
45.160919,-84.938076,335.074041,2023-12-14 14:31:02-05:00,0.0,0.0,13.653749,114.700000
45.160871,-84.937951,333.322163,2023-12-14 14:31:04-05:00,0.0,0.0,12.533138,113.400000
45.160883,-84.937813,333.551386,2023-12-14 14:31:06-05:00,0.0,0.0,11.403463,86.600000
45.160901,-84.93768,333.986905,2023-12-14 14:31:08-05:00,0.0,0.0,11.270806,84.700000
45.160871,-84.937557,331.995806,2023-12-14 14:31:10-05:00,0.0,0.0,10.413905,104.200000
45.160844,-84.937391,331.586899,2023-12-14 14:31:13-05:00,0.0,0.0,10.039064,94.800000
45.160856,-84.937236,330.296937,2023-12-14 14:31:17-05:00,0.0,0.0,5.699758,88.400000
45.160914,-84.937115,327.599774,2023-12-14 14:31:23-05:00,0.0,0.0,0.0,69.300000
45.160914,-84.937115,327.599774,2023-12-14 14:31:23-05:00,0.0,0.0,0.0,69.300000
45.160927,-84.936968,323.309294,2023-12-14 14:31:26-05:00,0.0,0.0,9.309371,88.400000
45.160935,-84.936811,322.496544,2023-12-14 14:31:28-05:00,0.0,0.0,12.177165,89.200000
45.16093,-84.936683,321.079648,2023-12-14 14:31:30-05:00,0.0,0.0,11.468291,94.800000
45.160972,-84.936546,317.541254,2023-12-14 14:31:32-05:00,0.0,0.0,12.250752,71.700000
45.160997,-84.936391,312.193766,2023-12-14 14:31:34-05:00,0.0,0.0,14.411648,73.400000
45.16107,-84.936235,307.283373,2023-12-14 14:31:36-05:00,0.0,0.0,14.529293,58.800000
45.161103,-84.936056,303.981408,2023-12-14 14:31:38-05:00,0.0,0.0,15.986167,65.400000
45.161149,-84.935921,299.99083,2023-12-14 14:31:40-05:00,0.0,0.0,13.705706,66.100000
45.16123,-84.935759,296.495063,2023-12-14 14:31:42-05:00,0.0,0.0,16.991383,53.700000
45.161318,-84.935622,293.731309,2023-12-14 14:31:44-05:00,0.0,0.0,15.627691,52.700000
45.161387,-84.935458,289.741711,2023-12-14 14:31:46-05:00,0.0,0.0,16.004268,55.400000
45.161464,-84.935315,285.058904,2023-12-14 14:31:48-05:00,0.0,0.0,15.890142,49.300000
45.16157,-84.935242,281.522962,2023-12-14 14:31:50-05:00,0.0,0.0,12.72749,31.500000
45.161574,-84.935114,279.31606,2023-12-14 14:31:51-05:00,0.0,0.0,14.554825,66.400000
45.161589,-84.934974,272.064178,2023-12-14 14:31:53-05:00,0.0,0.0,13.354684,68.400000
45.161716,-84.934883,269.116669,2023-12-14 14:31:55-05:00,0.0,0.0,14.804921,37.300000
45.161762,-84.934704,264.301101,2023-12-14 14:31:57-05:00,0.0,0.0,15.994182,58.400000
45.16184,-84.93457,260.370287,2023-12-14 14:31:59-05:00,0.0,0.0,15.130689,56.700000
45.161904,-84.934394,257.828324,2023-12-14 14:32:01-05:00,0.0,0.0,16.731682,58.000000
45.161986,-84.934225,253.844928,2023-12-14 14:32:03-05:00,0.0,0.0,17.498799,56.000000
45.162066,-84.934058,248.70503,2023-12-14 14:32:05-05:00,0.0,0.0,18.582017,58.600000
45.162112,-84.933945,245.071199,2023-12-14 14:32:06-05:00,0.0,0.0,21.312739,58.000000
45.162196,-84.933855,241.249615,2023-12-14 14:32:07-05:00,0.0,0.0,23.637558,46.900000
45.162272,-84.93378,240.233352,2023-12-14 14:32:08-05:00,0.0,0.0,22.827548,41.200000
45.162334,-84.933682,238.957534,2023-12-14 14:32:09-05:00,0.0,0.0,22.918584,44.500000
45.162395,-84.933575,237.928495,2023-12-14 14:32:10-05:00,0.0,0.0,23.402385,47.500000
45.162512,-84.933385,235.27146,2023-12-14 14:32:12-05:00,0.0,0.0,22.212657,50.800000
45.162637,-84.933217,232.228961,2023-12-14 14:32:14-05:00,0.0,0.0,21.824586,43.600000
45.162772,-84.933092,230.810494,2023-12-14 14:32:16-05:00,0.0,0.0,19.916028,35.500000
45.162875,-84.932937,226.955262,2023-12-14 14:32:18-05:00,0.0,0.0,19.014064,44.800000
45.16302,-84.932796,225.431743,2023-12-14 14:32:20-05:00,0.0,0.0,21.321658,35.100000
45.163137,-84.932665,223.695897,2023-12-14 14:32:22-05:00,0.0,0.0,18.80502,39.000000
45.163223,-84.932567,223.050754,2023-12-14 14:32:24-05:00,0.0,0.0,13.778344,40.900000
45.16332,-84.932506,220.643783,2023-12-14 14:32:26-05:00,0.0,0.0,13.56261,26.000000
45.163431,-84.932488,220.085184,2023-12-14 14:32:28-05:00,0.0,0.0,13.000302,11.000000
45.163523,-84.932417,219.98921,2023-12-14 14:32:31-05:00,0.0,0.0,8.45242,34.800000
45.163626,-84.932381,220.401398,2023-12-14 14:32:35-05:00,0.0,0.0,5.875617,12.100000
45.163724,-84.932318,220.436818,2023-12-14 14:32:39-05:00,0.0,0.0,6.818582,37.200000
45.163797,-84.932233,218.387575,2023-12-14 14:32:43-05:00,0.0,0.0,5.674678,16.800000
45.163859,-84.932126,217.503261,2023-12-14 14:33:24-05:00,0.0,0.0,0.0,55.600000
45.163859,-84.932126,217.503261,2023-12-14 14:33:24-05:00,0.0,0.0,0.0,55.600000
45.163952,-84.932103,220.577535,2023-12-14 14:33:35-05:00,0.0,0.0,2.963191,17.700000
45.164053,-84.932123,224.407609,2023-12-14 14:33:44-05:00,0.0,0.0,3.45434,350.200000
45.164136,-84.932176,224.186684,2023-12-14 14:33:51-05:00,0.0,0.0,3.32134,339.500000
45.164217,-84.932234,222.631311,2023-12-14 14:33:58-05:00,0.0,0.0,3.070757,332.800000
45.164307,-84.932221,219.327976,2023-12-14 14:34:39-05:00,0.0,0.0,0.098163,14.000000
45.164254,-84.932334,218.010133,2023-12-14 14:38:12-05:00,0.0,0.0,2.857096,218.000000
45.164171,-84.932249,220.523613,2023-12-14 14:38:31-05:00,0.0,0.0,4.671152,136.000000
45.164103,-84.932164,218.446206,2023-12-14 14:39:19-05:00,0.0,0.0,0.0,117.700000
45.164103,-84.932164,218.446206,2023-12-14 14:39:19-05:00,0.0,0.0,0.0,117.700000
45.164043,-84.932263,220.100501,2023-12-14 14:39:51-05:00,0.0,0.0,0.465681,238.200000
45.163987,-84.932387,221.896448,2023-12-14 14:40:14-05:00,0.0,0.0,3.598116,245.200000
45.163948,-84.932511,220.512337,2023-12-14 14:40:17-05:00,0.0,0.0,7.815133,244.000000
45.1639,-84.932666,220.711048,2023-12-14 14:40:20-05:00,0.0,0.0,8.82693,243.200000
45.163855,-84.932808,223.502943,2023-12-14 14:40:23-05:00,0.0,0.0,8.709699,245.000000
45.163809,-84.932938,226.080343,2023-12-14 14:40:26-05:00,0.0,0.0,8.44152,242.700000
45.163763,-84.933074,229.121479,2023-12-14 14:40:29-05:00,0.0,0.0,8.51677,242.400000
45.163713,-84.933228,227.222135,2023-12-14 14:40:32-05:00,1.0,0.0,8.069844,244.100000
45.163665,-84.933362,228.43417,2023-12-14 14:40:35-05:00,1.0,0.0,8.637856,243.400000
45.163619,-84.933495,229.624664,2023-12-14 14:40:38-05:00,1.0,0.0,8.660872,242.300000
45.16357,-84.933629,231.065694,2023-12-14 14:40:41-05:00,1.0,0.0,8.531789,243.700000
45.163524,-84.933758,233.030185,2023-12-14 14:40:44-05:00,0.0,0.0,8.692846,243.200000
45.16348,-84.93388,234.662944,2023-12-14 14:40:47-05:00,0.0,0.0,9.517209,242.200000
45.16343,-84.934018,235.085049,2023-12-14 14:40:50-05:00,0.0,0.0,8.822253,244.200000
45.163383,-84.934156,237.030779,2023-12-14 14:40:53-05:00,0.0,0.0,8.75091,242.600000
45.163345,-84.934276,238.756628,2023-12-14 14:40:56-05:00,0.0,0.0,8.706073,242.600000
45.163301,-84.934405,240.805472,2023-12-14 14:40:59-05:00,0.0,0.0,9.504787,240.000000
45.163242,-84.934553,242.25435,2023-12-14 14:41:02-05:00,0.0,0.0,8.686086,243.700000
45.163193,-84.93469,243.838942,2023-12-14 14:41:05-05:00,0.0,0.0,8.530091,243.900000
45.163145,-84.934823,245.643541,2023-12-14 14:41:08-05:00,0.0,0.0,8.577161,242.900000
45.163097,-84.934956,247.269458,2023-12-14 14:41:11-05:00,1.0,0.0,8.377745,239.500000
45.163045,-84.935079,249.327723,2023-12-14 14:41:14-05:00,1.0,0.0,8.503449,242.200000
45.162995,-84.935215,251.742955,2023-12-14 14:41:17-05:00,1.0,0.0,8.745965,242.800000
45.162944,-84.935351,254.2416,2023-12-14 14:41:20-05:00,1.0,0.0,8.701347,242.700000
45.162898,-84.935486,257.091869,2023-12-14 14:41:23-05:00,1.0,0.0,8.565021,243.000000
45.162851,-84.935626,259.904712,2023-12-14 14:41:26-05:00,1.0,0.0,8.60249,241.900000
45.162801,-84.935761,263.058837,2023-12-14 14:41:29-05:00,1.0,0.0,8.370587,242.100000
45.162755,-84.935888,266.461876,2023-12-14 14:41:32-05:00,1.0,0.0,8.41386,243.000000
45.162708,-84.936017,269.787403,2023-12-14 14:41:35-05:00,1.0,0.0,8.352,242.900000
45.162668,-84.936142,273.687958,2023-12-14 14:41:38-05:00,1.0,0.0,8.322991,243.700000
45.162626,-84.93627,277.400169,2023-12-14 14:41:41-05:00,1.0,0.0,8.220414,243.000000
45.162579,-84.9364,280.843623,2023-12-14 14:41:44-05:00,1.0,0.0,8.027376,241.000000
45.162531,-84.936525,284.848884,2023-12-14 14:41:47-05:00,1.0,0.0,8.223134,242.900000
45.162485,-84.93665,289.262028,2023-12-14 14:41:50-05:00,1.0,0.0,7.950136,243.300000
45.162441,-84.936787,294.242366,2023-12-14 14:41:53-05:00,1.0,0.0,7.963167,243.100000
45.162405,-84.936905,298.869598,2023-12-14 14:41:56-05:00,1.0,0.0,7.738715,244.400000
45.162363,-84.937025,303.405796,2023-12-14 14:41:59-05:00,1.0,0.0,7.700774,242.500000
45.162316,-84.937148,307.434851,2023-12-14 14:42:02-05:00,1.0,0.0,8.778194,241.700000
45.16227,-84.937271,311.260434,2023-12-14 14:42:05-05:00,1.0,0.0,7.977004,242.700000
45.162224,-84.937399,315.566914,2023-12-14 14:42:08-05:00,1.0,0.0,8.390303,244.500000
45.162179,-84.937525,319.869228,2023-12-14 14:42:11-05:00,1.0,0.0,7.916665,245.400000
45.162143,-84.937649,324.146025,2023-12-14 14:42:14-05:00,1.0,0.0,8.082071,243.600000
45.162097,-84.937775,327.320276,2023-12-14 14:42:17-05:00,1.0,0.0,8.550626,244.000000
45.162049,-84.93791,330.767846,2023-12-14 14:42:20-05:00,1.0,0.0,8.753376,242.500000
45.162003,-84.938034,333.662428,2023-12-14 14:42:23-05:00,1.0,0.0,8.470508,242.900000
45.161951,-84.93817,336.765081,2023-12-14 14:42:26-05:00,1.0,0.0,8.549664,243.100000
45.161911,-84.938297,339.00027,2023-12-14 14:42:29-05:00,1.0,0.0,8.123736,243.100000
45.161863,-84.938424,340.285376,2023-12-14 14:42:32-05:00,1.0,0.0,8.545991,243.900000
45.161818,-84.938555,342.070832,2023-12-14 14:42:35-05:00,1.0,0.0,8.777241,244.200000
45.161765,-84.938686,343.282942,2023-12-14 14:42:38-05:00,1.0,0.0,8.538525,244.000000
45.161718,-84.938817,344.454582,2023-12-14 14:42:41-05:00,1.0,0.0,8.536833,243.500000
45.161674,-84.938948,345.481938,2023-12-14 14:42:44-05:00,1.0,0.0,9.317251,244.600000
45.161625,-84.939094,346.744034,2023-12-14 14:42:47-05:00,1.0,0.0,9.291189,244.100000
45.161581,-84.939223,347.820171,2023-12-14 14:42:50-05:00,1.0,0.0,9.000423,244.600000
45.161527,-84.939332,350.428902,2023-12-14 14:42:58-05:00,1.0,0.0,0.0,228.300000
45.161527,-84.939332,350.428902,2023-12-14 14:42:58-05:00,1.0,0.0,0.0,228.300000
45.16148,-84.939455,351.607739,2023-12-14 14:43:03-05:00,0.0,0.0,3.449403,256.400000
45.161466,-84.939597,352.42477,2023-12-14 14:43:09-05:00,0.0,0.0,4.73639,263.900000
45.161434,-84.93972,352.965194,2023-12-14 14:43:17-05:00,0.0,0.0,2.619526,224.600000
45.16141,-84.939861,352.052094,2023-12-14 14:43:24-05:00,0.0,0.0,3.168965,256.100000
45.16136,-84.939972,351.060776,2023-12-14 14:43:32-05:00,0.0,0.0,0.71337,244.500000
45.161314,-84.940095,350.338207,2023-12-14 14:44:19-05:00,1.0,0.0,2.567837,276.300000
45.161324,-84.940228,349.783918,2023-12-14 14:44:24-05:00,0.0,0.0,4.848378,264.600000
45.161284,-84.940369,349.037761,2023-12-14 14:44:30-05:00,0.0,0.0,0.0,237.800000
45.161284,-84.940369,349.037761,2023-12-14 14:44:30-05:00,0.0,0.0,0.0,237.800000
45.161215,-84.940485,348.258728,2023-12-14 14:44:34-05:00,0.0,0.0,7.409471,246.400000
45.161188,-84.94061,347.52558,2023-12-14 14:44:38-05:00,0.0,0.0,6.219775,264.500000
45.161194,-84.940761,346.336018,2023-12-14 14:44:42-05:00,0.0,0.0,7.029279,258.400000
45.161176,-84.940922,345.573352,2023-12-14 14:44:46-05:00,0.0,0.0,6.774908,264.800000
45.161168,-84.94105,344.643956,2023-12-14 14:44:49-05:00,0.0,0.0,7.265128,262.100000
45.161169,-84.94121,344.390522,2023-12-14 14:44:52-05:00,0.0,0.0,7.969115,277.700000
45.161184,-84.941348,343.411974,2023-12-14 14:44:55-05:00,0.0,0.0,7.977937,266.100000
45.161193,-84.941488,342.517223,2023-12-14 14:44:58-05:00,0.0,0.0,8.028633,278.200000
45.161202,-84.941633,342.429472,2023-12-14 14:45:01-05:00,0.0,0.0,8.218332,273.900000
45.161245,-84.94177,341.421041,2023-12-14 14:45:04-05:00,0.0,0.0,8.218473,303.900000
45.161359,-84.941858,339.015345,2023-12-14 14:45:08-05:00,0.0,0.0,9.811026,333.400000
45.16148,-84.941841,336.910642,2023-12-14 14:45:11-05:00,0.0,0.0,8.969278,357.600000
45.161607,-84.941806,333.928365,2023-12-14 14:45:13-05:00,1.0,0.0,12.339104,12.000000
45.161754,-84.941742,331.919313,2023-12-14 14:45:15-05:00,1.0,0.0,15.304226,22.800000
45.161902,-84.941612,329.337717,2023-12-14 14:45:17-05:00,1.0,0.0,18.597313,30.700000
45.162036,-84.941482,326.487104,2023-12-14 14:45:19-05:00,1.0,0.0,18.373879,37.700000
45.162132,-84.941317,313.86108,2023-12-14 14:45:21-05:00,0.0,0.0,17.951673,47.600000
45.162232,-84.941191,311.643541,2023-12-14 14:45:23-05:00,0.0,0.0,17.040184,49.600000
45.16228,-84.941035,310.192927,2023-12-14 14:45:25-05:00,0.0,0.0,15.369341,61.000000
45.162392,-84.94093,307.796273,2023-12-14 14:45:27-05:00,0.0,0.0,16.099208,32.600000
45.162491,-84.940822,305.766052,2023-12-14 14:45:29-05:00,0.0,0.0,15.93652,41.600000
45.162611,-84.940711,302.975238,2023-12-14 14:45:31-05:00,0.0,0.0,17.447474,32.200000
45.162699,-84.940564,300.724736,2023-12-14 14:45:33-05:00,0.0,0.0,17.108433,44.200000
45.162818,-84.940443,298.231731,2023-12-14 14:45:35-05:00,0.0,0.0,17.744611,38.100000
45.162935,-84.94032,295.9921,2023-12-14 14:45:37-05:00,0.0,0.0,18.496739,37.000000
45.163048,-84.940174,293.587217,2023-12-14 14:45:39-05:00,0.0,0.0,19.013017,38.800000
45.163166,-84.940037,291.107491,2023-12-14 14:45:41-05:00,0.0,0.0,18.733849,40.200000
45.163304,-84.939915,289.081368,2023-12-14 14:45:43-05:00,0.0,0.0,19.64169,33.500000
45.163419,-84.939765,287.175589,2023-12-14 14:45:45-05:00,0.0,0.0,19.14165,42.400000
45.163525,-84.939629,285.300969,2023-12-14 14:45:47-05:00,0.0,0.0,17.80827,43.500000
45.163603,-84.939472,283.254782,2023-12-14 14:45:49-05:00,0.0,0.0,17.164569,49.900000
45.163712,-84.939357,281.359989,2023-12-14 14:45:51-05:00,0.0,0.0,16.224718,40.800000
45.16382,-84.939219,279.728743,2023-12-14 14:45:53-05:00,0.0,0.0,17.866976,40.200000
45.163932,-84.939089,277.496192,2023-12-14 14:45:55-05:00,0.0,0.0,17.563542,43.900000
45.164014,-84.938921,275.155361,2023-12-14 14:45:57-05:00,0.0,0.0,17.979624,50.800000
45.164129,-84.938826,274.540139,2023-12-14 14:45:59-05:00,0.0,0.0,15.99203,35.100000
45.164219,-84.938777,272.305868,2023-12-14 14:46:01-05:00,0.0,0.0,11.885098,19.800000
45.16429,-84.938894,270.438247,2023-12-14 14:46:04-05:00,0.0,0.0,7.614236,316.100000
45.164394,-84.938899,268.426222,2023-12-14 14:46:06-05:00,0.0,0.0,11.069296,355.300000
45.164515,-84.938958,266.894711,2023-12-14 14:46:08-05:00,0.0,0.0,15.250351,342.900000
45.164638,-84.939043,266.524518,2023-12-14 14:46:10-05:00,0.0,0.0,15.973213,338.100000
45.164763,-84.939036,265.326741,2023-12-14 14:46:12-05:00,0.0,0.0,15.15385,357.400000
45.164859,-84.938989,264.483232,2023-12-14 14:46:14-05:00,0.0,0.0,12.498036,16.800000
45.164936,-84.938869,263.862983,2023-12-14 14:46:16-05:00,0.0,0.0,13.001423,41.600000
45.165018,-84.938776,262.78427,2023-12-14 14:46:18-05:00,0.0,0.0,13.190077,36.800000
45.165103,-84.938678,261.873365,2023-12-14 14:46:20-05:00,0.0,0.0,13.150901,39.700000
45.165151,-84.938549,261.147186,2023-12-14 14:46:22-05:00,0.0,0.0,12.240184,58.800000
45.165195,-84.938421,260.547178,2023-12-14 14:46:24-05:00,0.0,0.0,12.20359,61.800000
45.165257,-84.93831,259.709746,2023-12-14 14:46:26-05:00,0.0,0.0,11.950584,53.200000
45.165332,-84.938147,258.370079,2023-12-14 14:46:29-05:00,0.0,0.0,11.648967,64.200000
45.165359,-84.937999,256.00398,2023-12-14 14:46:31-05:00,0.0,0.0,13.195929,69.000000
45.165427,-84.937863,254.991091,2023-12-14 14:46:33-05:00,0.0,0.0,13.795788,60.900000
45.165442,-84.937698,253.483931,2023-12-14 14:46:35-05:00,0.0,0.0,14.483834,77.100000
45.165505,-84.937569,252.052342,2023-12-14 14:46:37-05:00,0.0,0.0,13.871982,57.700000
45.165542,-84.937408,251.689839,2023-12-14 14:46:39-05:00,0.0,0.0,14.609516,72.300000
45.165581,-84.937255,249.999066,2023-12-14 14:46:41-05:00,0.0,0.0,14.020119,68.500000
45.165576,-84.937122,248.914466,2023-12-14 14:46:43-05:00,0.0,0.0,12.009185,88.700000
45.165587,-84.936929,248.703059,2023-12-14 14:46:46-05:00,0.0,0.0,11.650074,94.000000
45.165554,-84.936772,246.041106,2023-12-14 14:46:48-05:00,0.0,0.0,13.64881,99.600000
45.165578,-84.936604,245.041391,2023-12-14 14:46:50-05:00,0.0,0.0,14.677248,80.900000
45.165599,-84.936436,243.596931,2023-12-14 14:46:52-05:00,0.0,0.0,14.873114,80.600000
45.165585,-84.93628,242.398181,2023-12-14 14:46:54-05:00,0.0,0.0,14.108986,88.900000
45.165566,-84.936128,240.98636,2023-12-14 14:46:56-05:00,0.0,0.0,13.443003,97.700000
45.165529,-84.93599,239.649207,2023-12-14 14:46:58-05:00,0.0,0.0,12.664985,106.200000
45.165529,-84.935838,239.52395,2023-12-14 14:47:00-05:00,0.0,0.0,12.939531,92.100000
45.165519,-84.935709,238.645339,2023-12-14 14:47:02-05:00,0.0,0.0,11.833075,98.700000
45.165505,-84.935571,237.578593,2023-12-14 14:47:04-05:00,0.0,0.0,12.172029,95.700000
45.165482,-84.935427,237.149302,2023-12-14 14:47:06-05:00,0.0,0.0,12.735008,102.700000
45.16545,-84.935289,236.236768,2023-12-14 14:47:08-05:00,0.0,0.0,12.478601,106.200000
45.165452,-84.935139,235.150906,2023-12-14 14:47:10-05:00,0.0,0.0,12.761773,91.700000
45.165427,-84.935005,234.979459,2023-12-14 14:47:12-05:00,0.0,0.0,12.073882,105.600000
45.165404,-84.934866,233.50475,2023-12-14 14:47:14-05:00,0.0,0.0,12.585214,101.400000
45.165375,-84.934745,232.718367,2023-12-14 14:47:16-05:00,0.0,0.0,11.540627,111.800000
45.165323,-84.934618,232.423814,2023-12-14 14:47:18-05:00,0.0,0.0,11.796515,116.200000
45.165241,-84.934473,230.299757,2023-12-14 14:47:21-05:00,0.0,0.0,11.496009,124.100000
45.165185,-84.934365,229.534881,2023-12-14 14:47:23-05:00,0.0,0.0,11.309903,128.500000
45.165125,-84.934246,229.454138,2023-12-14 14:47:26-05:00,0.0,0.0,8.350228,124.000000
45.165078,-84.934095,227.054219,2023-12-14 14:47:29-05:00,0.0,0.0,9.946792,111.600000
45.165006,-84.933942,226.54619,2023-12-14 14:47:32-05:00,0.0,0.0,10.512697,122.100000
45.164995,-84.933804,224.250812,2023-12-14 14:47:34-05:00,0.0,0.0,11.656313,99.600000
45.164947,-84.933686,224.093218,2023-12-14 14:47:36-05:00,0.0,0.0,11.512113,116.800000
45.164914,-84.933537,223.749871,2023-12-14 14:47:39-05:00,0.0,0.0,9.039128,113.900000
45.164877,-84.933391,223.437661,2023-12-14 14:47:43-05:00,0.0,0.0,5.950832,105.900000
45.164843,-84.933235,220.09936,2023-12-14 14:47:47-05:00,0.0,0.0,8.902036,107.700000
45.164813,-84.933091,219.029318,2023-12-14 14:47:50-05:00,0.0,0.0,8.208113,109.500000
45.164776,-84.932962,218.001941,2023-12-14 14:47:53-05:00,0.0,0.0,7.582823,109.400000
45.164746,-84.932828,218.172789,2023-12-14 14:48:15-05:00,0.0,0.0,0.0,24.100000
45.164746,-84.932828,218.172789,2023-12-14 14:48:15-05:00,0.0,0.0,0.0,24.100000
45.164714,-84.932699,217.567815,2023-12-14 14:48:21-05:00,0.0,0.0,3.306955,97.900000
45.164634,-84.932638,216.465096,2023-12-14 14:48:28-05:00,0.0,0.0,2.997982,157.100000
45.164542,-84.932553,218.384749,2023-12-14 14:48:36-05:00,0.0,0.0,3.525217,148.900000
45.164464,-84.932485,219.262449,2023-12-14 14:48:43-05:00,0.0,0.0,2.988598,148.600000
45.16438,-84.932421,219.654434,2023-12-14 14:48:51-05:00,0.0,0.0,2.65859,172.600000
45.164286,-84.932385,220.451061,2023-12-14 14:48:59-05:00,0.0,0.0,2.46008,171.900000
45.164201,-84.932334,217.980292,2023-12-14 14:50:33-05:00,0.0,0.0,1.938699,146.700000
45.164155,-84.932225,217.863394,2023-12-14 14:51:06-05:00,0.0,0.0,1.366343,133.300000
45.164075,-84.932141,219.108772,2023-12-14 14:51:35-05:00,0.0,0.0,0.039455,185.900000
45.164068,-84.932271,219.301786,2023-12-14 14:54:36-05:00,0.0,0.0,0.666372,170.200000
45.164026,-84.9324,216.288402,2023-12-14 14:55:07-05:00,0.0,0.0,1.727036,286.800000
45.163977,-84.932565,217.714817,2023-12-14 14:55:10-05:00,0.0,0.0,8.83595,243.300000
45.163943,-84.932702,217.506967,2023-12-14 14:55:13-05:00,0.0,0.0,7.03469,236.500000
45.163874,-84.93284,220.691363,2023-12-14 14:55:16-05:00,0.0,0.0,8.580302,242.500000
45.163831,-84.932982,223.262706,2023-12-14 14:55:19-05:00,0.0,0.0,8.52872,244.100000
45.163778,-84.933101,224.991964,2023-12-14 14:55:22-05:00,1.0,0.0,8.200069,244.700000
45.163734,-84.933232,225.827081,2023-12-14 14:55:25-05:00,1.0,0.0,8.498363,243.800000
45.163689,-84.933363,226.875261,2023-12-14 14:55:28-05:00,1.0,0.0,8.317218,243.500000
45.163641,-84.933507,228.00335,2023-12-14 14:55:31-05:00,1.0,0.0,8.400709,242.400000
45.163597,-84.933638,229.137973,2023-12-14 14:55:34-05:00,1.0,0.0,8.351025,243.700000
45.163555,-84.933759,230.430709,2023-12-14 14:55:37-05:00,1.0,0.0,8.401011,244.500000
45.163502,-84.933905,231.631149,2023-12-14 14:55:40-05:00,1.0,0.0,8.352311,243.600000
45.163454,-84.934042,232.369624,2023-12-14 14:55:43-05:00,1.0,0.0,7.992444,242.600000
45.163408,-84.934166,233.07202,2023-12-14 14:55:46-05:00,1.0,0.0,8.413448,242.300000
45.163355,-84.934301,233.772051,2023-12-14 14:55:49-05:00,1.0,0.0,8.423486,242.100000
45.163301,-84.934433,235.623295,2023-12-14 14:55:52-05:00,1.0,0.0,8.634758,242.600000
45.163244,-84.934571,237.260268,2023-12-14 14:55:55-05:00,1.0,0.0,8.546721,242.700000
45.163196,-84.934711,238.816227,2023-12-14 14:55:58-05:00,1.0,0.0,8.349206,244.500000
45.163148,-84.934861,241.084794,2023-12-14 14:56:01-05:00,1.0,0.0,8.055017,244.100000
45.163104,-84.935001,243.60741,2023-12-14 14:56:04-05:00,1.0,0.0,8.321933,241.100000
45.163063,-84.935127,245.9999,2023-12-14 14:56:07-05:00,1.0,0.0,8.471479,243.500000
45.163015,-84.935265,247.916066,2023-12-14 14:56:10-05:00,1.0,0.0,8.459008,243.200000
45.162972,-84.935387,249.845464,2023-12-14 14:56:13-05:00,1.0,0.0,8.19817,242.500000
45.162925,-84.935525,252.552365,2023-12-14 14:56:16-05:00,1.0,0.0,8.252438,243.900000
45.16288,-84.935657,255.37188,2023-12-14 14:56:19-05:00,1.0,0.0,8.419077,243.500000
45.162832,-84.935784,257.990595,2023-12-14 14:56:22-05:00,1.0,0.0,8.178076,246.200000
45.162783,-84.935915,260.494477,2023-12-14 14:56:25-05:00,1.0,0.0,7.72438,240.400000
45.162733,-84.936044,263.34741,2023-12-14 14:56:28-05:00,1.0,0.0,7.742417,242.700000
45.162687,-84.936169,266.471527,2023-12-14 14:56:31-05:00,1.0,0.0,7.83208,244.000000
45.162639,-84.9363,270.159238,2023-12-14 14:56:34-05:00,1.0,0.0,8.156503,242.300000
45.162594,-84.93642,273.943038,2023-12-14 14:56:37-05:00,1.0,0.0,8.020025,244.000000
45.162553,-84.936542,277.864206,2023-12-14 14:56:40-05:00,1.0,0.0,7.868101,243.700000
45.162508,-84.936668,281.74316,2023-12-14 14:56:43-05:00,1.0,0.0,7.986858,244.400000
45.162466,-84.936794,285.994663,2023-12-14 14:56:46-05:00,1.0,0.0,7.983104,243.300000
45.162428,-84.936911,290.31467,2023-12-14 14:56:49-05:00,1.0,0.0,7.51667,242.300000
45.162391,-84.937031,294.442817,2023-12-14 14:56:52-05:00,1.0,0.0,7.645003,241.000000
45.162341,-84.937169,297.715962,2023-12-14 14:56:55-05:00,1.0,0.0,7.835932,243.200000
45.162293,-84.937291,302.115627,2023-12-14 14:56:58-05:00,1.0,0.0,7.961842,244.200000
45.162251,-84.937412,306.815247,2023-12-14 14:57:01-05:00,1.0,0.0,7.780317,243.600000
45.162207,-84.937533,311.155579,2023-12-14 14:57:04-05:00,1.0,0.0,7.779295,241.400000
45.162161,-84.937659,315.46224,2023-12-14 14:57:07-05:00,1.0,0.0,7.76301,243.900000
45.162117,-84.937789,318.80142,2023-12-14 14:57:10-05:00,1.0,0.0,8.086129,241.500000
45.162073,-84.937907,322.189978,2023-12-14 14:57:13-05:00,1.0,0.0,8.208992,243.900000
45.162029,-84.938045,325.628424,2023-12-14 14:57:16-05:00,1.0,0.0,8.161191,245.800000
45.161986,-84.938177,328.817883,2023-12-14 14:57:19-05:00,1.0,0.0,7.864158,243.600000
45.161938,-84.938309,331.413422,2023-12-14 14:57:22-05:00,1.0,0.0,7.804049,243.200000
45.161892,-84.938431,334.424903,2023-12-14 14:57:25-05:00,1.0,0.0,8.774875,243.100000
45.161846,-84.938563,335.969458,2023-12-14 14:57:28-05:00,1.0,0.0,8.811384,244.800000
45.161801,-84.938684,337.386061,2023-12-14 14:57:31-05:00,1.0,0.0,8.560986,244.200000
45.161754,-84.93881,338.55124,2023-12-14 14:57:34-05:00,1.0,0.0,8.481219,242.300000
45.161706,-84.938937,340.189551,2023-12-14 14:57:37-05:00,1.0,0.0,8.539113,242.100000
45.161657,-84.939073,341.876977,2023-12-14 14:57:40-05:00,1.0,0.0,8.529409,243.100000
45.161613,-84.939221,342.47958,2023-12-14 14:57:43-05:00,1.0,0.0,8.604382,243.800000
45.161561,-84.939327,344.18054,2023-12-14 14:57:48-05:00,1.0,0.0,0.0,242.900000
45.161561,-84.939327,344.18054,2023-12-14 14:57:48-05:00,1.0,0.0,0.0,242.900000
45.161473,-84.939365,348.778914,2023-12-14 14:57:58-05:00,1.0,0.0,4.879762,149.800000
45.161415,-84.939267,350.438434,2023-12-14 14:58:04-05:00,0.0,0.0,3.83895,79.700000
45.161345,-84.939148,349.154926,2023-12-14 14:59:01-05:00,0.0,0.0,6.074179,133.500000
45.161262,-84.939007,348.109699,2023-12-14 14:59:04-05:00,0.0,0.0,13.216289,124.700000
45.161199,-84.938865,347.977681,2023-12-14 14:59:06-05:00,0.0,0.0,13.216289,122.000000
45.161135,-84.938767,345.441112,2023-12-14 14:59:08-05:00,0.0,0.0,14.265437,134.900000
45.161042,-84.938619,344.065391,2023-12-14 14:59:10-05:00,1.0,0.0,17.95085,125.200000
45.160962,-84.93843,343.22109,2023-12-14 14:59:12-05:00,1.0,0.0,19.121446,114.900000
45.160921,-84.93822,342.313427,2023-12-14 14:59:14-05:00,1.0,0.0,18.278304,104.400000
45.16089,-84.938029,340.813606,2023-12-14 14:59:16-05:00,1.0,0.0,15.427863,106.100000
45.160866,-84.937854,340.038338,2023-12-14 14:59:18-05:00,1.0,0.0,15.262491,91.500000
45.16088,-84.937679,338.463063,2023-12-14 14:59:20-05:00,1.0,0.0,14.001172,76.200000
45.160902,-84.937523,337.171562,2023-12-14 14:59:22-05:00,1.0,0.0,13.986795,89.500000
45.160895,-84.93737,336.372096,2023-12-14 14:59:24-05:00,1.0,0.0,13.931926,98.800000
45.160872,-84.937206,334.660582,2023-12-14 14:59:26-05:00,0.0,0.0,14.74923,90.500000
45.160861,-84.937049,334.169231,2023-12-14 14:59:28-05:00,0.0,0.0,13.656073,94.900000
45.160937,-84.936947,328.570126,2023-12-14 14:59:36-05:00,0.0,0.0,0.0,66.600000
45.160937,-84.936947,328.570126,2023-12-14 14:59:36-05:00,0.0,0.0,0.0,66.600000
45.160967,-84.936794,326.567018,2023-12-14 14:59:39-05:00,0.0,0.0,8.232787,71.000000
45.160991,-84.936666,325.205478,2023-12-14 14:59:41-05:00,0.0,0.0,10.049107,79.800000
45.161038,-84.936555,323.396563,2023-12-14 14:59:43-05:00,0.0,0.0,10.001013,52.200000
45.16111,-84.936426,310.974449,2023-12-14 14:59:47-05:00,0.0,0.0,6.727635,69.500000
45.16114,-84.936306,308.758741,2023-12-14 14:59:49-05:00,0.0,0.0,9.735708,72.300000
45.161124,-84.936174,306.418799,2023-12-14 14:59:51-05:00,0.0,0.0,11.178926,94.300000
45.161173,-84.93602,302.80564,2023-12-14 14:59:53-05:00,0.0,0.0,13.496032,68.500000
45.161208,-84.935869,299.2108,2023-12-14 14:59:55-05:00,0.0,0.0,13.673559,66.900000
45.161304,-84.935825,298.059285,2023-12-14 14:59:57-05:00,0.0,0.0,11.2085,23.300000
45.161379,-84.935685,292.756372,2023-12-14 15:00:01-05:00,0.0,0.0,9.439932,55.900000
45.161405,-84.93554,289.520694,2023-12-14 15:00:03-05:00,0.0,0.0,12.391343,70.300000
45.161483,-84.935439,286.780651,2023-12-14 15:00:05-05:00,0.0,0.0,11.88557,44.500000
45.161551,-84.935346,282.873373,2023-12-14 15:00:24-05:00,0.0,0.0,0.0,41.400000
45.161551,-84.935346,282.873373,2023-12-14 15:00:24-05:00,0.0,0.0,0.0,41.400000
45.161624,-84.935186,277.843216,2023-12-14 15:00:27-05:00,0.0,0.0,11.453818,59.400000
45.161717,-84.93509,274.717045,2023-12-14 15:00:29-05:00,0.0,0.0,13.565093,38.700000
45.161797,-84.93491,269.983666,2023-12-14 15:00:31-05:00,0.0,0.0,18.065146,53.400000
45.161918,-84.934763,264.535804,2023-12-14 15:00:33-05:00,0.0,0.0,18.865462,45.000000
45.162005,-84.934564,259.743552,2023-12-14 15:00:35-05:00,0.0,0.0,20.075069,51.500000
45.16212,-84.934414,255.190128,2023-12-14 15:00:37-05:00,0.0,0.0,19.814522,45.200000
45.162224,-84.934212,248.180925,2023-12-14 15:00:39-05:00,0.0,0.0,21.594924,52.500000
45.162286,-84.934096,245.416984,2023-12-14 15:00:40-05:00,0.0,0.0,23.850224,51.500000
45.162343,-84.933994,243.294024,2023-12-14 15:00:41-05:00,0.0,0.0,23.282541,52.800000
45.162385,-84.933871,240.818847,2023-12-14 15:00:42-05:00,0.0,0.0,23.414791,59.300000
45.162439,-84.933749,238.623162,2023-12-14 15:00:43-05:00,0.0,0.0,24.50793,58.500000
45.162505,-84.933635,236.648621,2023-12-14 15:00:44-05:00,0.0,0.0,25.165399,54.400000
45.162584,-84.933524,235.492485,2023-12-14 15:00:45-05:00,0.0,0.0,26.038542,49.100000
45.162649,-84.933422,234.48293,2023-12-14 15:00:46-05:00,0.0,0.0,24.996835,49.200000
45.162696,-84.933304,233.557409,2023-12-14 15:00:47-05:00,0.0,0.0,24.292719,55.200000
45.162817,-84.933109,230.368825,2023-12-14 15:00:49-05:00,0.0,0.0,23.03029,48.800000
45.1629,-84.933035,228.427204,2023-12-14 15:00:50-05:00,0.0,0.0,23.698803,39.800000
45.162983,-84.932967,227.272757,2023-12-14 15:00:51-05:00,0.0,0.0,23.40013,36.200000
45.163078,-84.932755,224.931279,2023-12-14 15:00:53-05:00,0.0,0.0,22.256856,50.600000
45.163217,-84.932621,222.772754,2023-12-14 15:00:55-05:00,0.0,0.0,20.86173,37.900000
45.163361,-84.932514,220.72658,2023-12-14 15:00:57-05:00,0.0,0.0,20.287809,29.700000
45.163498,-84.932462,219.303815,2023-12-14 15:00:59-05:00,0.0,0.0,17.678074,15.600000
45.163604,-84.932443,219.933838,2023-12-14 15:01:01-05:00,0.0,0.0,14.233724,13.100000
45.163702,-84.932402,219.669177,2023-12-14 15:01:03-05:00,0.0,0.0,12.415124,16.600000
45.163785,-84.932316,218.354229,2023-12-14 15:01:05-05:00,0.0,0.0,12.470479,33.600000
45.163877,-84.932279,217.173715,2023-12-14 15:01:07-05:00,0.0,0.0,11.377355,19.100000
45.163942,-84.932186,217.082847,2023-12-14 15:01:10-05:00,0.0,0.0,6.510424,36.900000
45.164038,-84.932162,217.364622,2023-12-14 15:01:24-05:00,0.0,0.0,0.0,342.500000
45.164038,-84.932162,217.364622,2023-12-14 15:01:24-05:00,0.0,0.0,0.0,342.500000
45.164052,-84.932293,220.53647,2023-12-14 15:01:52-05:00,0.0,0.0,1.029264,261.500000
45.163996,-84.932438,218.842241,2023-12-14 15:02:09-05:00,0.0,0.0,4.897423,249.400000
45.163946,-84.932601,218.391034,2023-12-14 15:02:12-05:00,0.0,0.0,7.877754,242.400000
45.163892,-84.932761,221.50634,2023-12-14 15:02:15-05:00,0.0,0.0,8.363549,244.300000
45.163842,-84.932918,224.82853,2023-12-14 15:02:18-05:00,0.0,0.0,8.724801,243.200000
45.163797,-84.933057,227.554052,2023-12-14 15:02:21-05:00,0.0,0.0,8.553921,242.800000
45.163743,-84.9332,223.110215,2023-12-14 15:02:24-05:00,1.0,0.0,6.937071,241.100000
45.163697,-84.933322,223.951133,2023-12-14 15:02:27-05:00,1.0,0.0,7.461932,240.900000
45.16365,-84.93345,225.44135,2023-12-14 15:02:30-05:00,1.0,0.0,7.827789,241.800000
45.163606,-84.933575,227.283335,2023-12-14 15:02:33-05:00,1.0,0.0,8.05028,242.300000
45.163556,-84.933721,229.089149,2023-12-14 15:02:36-05:00,1.0,0.0,8.58357,243.600000
45.163507,-84.933849,231.213196,2023-12-14 15:02:39-05:00,1.0,0.0,8.695448,241.500000
45.163461,-84.933984,233.15468,2023-12-14 15:02:42-05:00,1.0,0.0,8.210142,245.100000
45.163413,-84.934121,234.637734,2023-12-14 15:02:45-05:00,0.0,0.0,8.537332,246.100000
45.163368,-84.934253,236.29503,2023-12-14 15:02:48-05:00,0.0,0.0,8.646839,244.400000
45.163322,-84.934383,237.929792,2023-12-14 15:02:51-05:00,0.0,0.0,8.804132,242.200000
45.163271,-84.934525,239.445002,2023-12-14 15:02:54-05:00,1.0,0.0,8.574128,242.900000
45.16322,-84.934661,241.618159,2023-12-14 15:02:57-05:00,1.0,0.0,8.475528,244.400000
45.163172,-84.934794,244.084365,2023-12-14 15:03:00-05:00,1.0,0.0,8.528286,243.400000
45.163128,-84.934924,246.74989,2023-12-14 15:03:03-05:00,1.0,0.0,8.513426,241.800000
45.163084,-84.935067,248.371115,2023-12-14 15:03:06-05:00,1.0,0.0,8.373687,244.100000
45.163037,-84.935206,250.96486,2023-12-14 15:03:09-05:00,0.0,0.0,8.372861,244.300000
45.162988,-84.935335,253.500343,2023-12-14 15:03:12-05:00,0.0,0.0,8.353291,243.900000
45.16294,-84.935466,256.199503,2023-12-14 15:03:15-05:00,1.0,0.0,8.440607,242.800000
45.16289,-84.935599,258.6195,2023-12-14 15:03:18-05:00,1.0,0.0,7.99717,243.200000
45.162847,-84.935721,261.514794,2023-12-14 15:03:21-05:00,1.0,0.0,8.028832,242.300000
45.162799,-84.935855,264.676717,2023-12-14 15:03:24-05:00,1.0,0.0,8.387534,243.500000
45.162754,-84.93598,268.201269,2023-12-14 15:03:27-05:00,1.0,0.0,8.060874,243.200000
45.162708,-84.936108,271.698005,2023-12-14 15:03:30-05:00,0.0,0.0,8.117813,242.500000
45.162664,-84.936232,275.275928,2023-12-14 15:03:33-05:00,1.0,0.0,8.042312,242.300000
45.162618,-84.936354,279.270195,2023-12-14 15:03:36-05:00,1.0,0.0,8.040567,243.700000
45.162572,-84.936481,282.830212,2023-12-14 15:03:39-05:00,1.0,0.0,7.8844,243.500000
45.162528,-84.936608,287.069454,2023-12-14 15:03:42-05:00,1.0,0.0,7.820356,243.900000
45.162492,-84.936725,291.248162,2023-12-14 15:03:45-05:00,1.0,0.0,7.82789,242.200000
45.162437,-84.936877,296.838223,2023-12-14 15:03:49-05:00,1.0,0.0,7.636921,243.400000
45.162391,-84.937001,301.111755,2023-12-14 15:03:52-05:00,1.0,0.0,7.406136,243.500000
45.162346,-84.937117,304.830809,2023-12-14 15:03:55-05:00,1.0,0.0,7.274524,243.000000
45.162298,-84.937244,309.287274,2023-12-14 15:03:58-05:00,1.0,0.0,7.836654,243.400000
45.162249,-84.937373,313.352816,2023-12-14 15:04:01-05:00,1.0,0.0,8.079774,245.100000
45.162199,-84.937518,317.567681,2023-12-14 15:04:04-05:00,1.0,0.0,7.77579,243.100000
45.162156,-84.937642,322.216198,2023-12-14 15:04:07-05:00,1.0,0.0,8.005682,244.800000
45.162114,-84.937772,325.564969,2023-12-14 15:04:10-05:00,1.0,0.0,7.842012,244.500000
45.162072,-84.937897,328.984526,2023-12-14 15:04:13-05:00,1.0,0.0,8.005049,242.900000
45.162025,-84.938027,332.474952,2023-12-14 15:04:16-05:00,1.0,0.0,8.0845,242.200000
45.161978,-84.938163,335.825818,2023-12-14 15:04:19-05:00,1.0,0.0,8.405427,244.000000
45.161935,-84.938285,338.078489,2023-12-14 15:04:22-05:00,1.0,0.0,7.751358,245.600000
45.161896,-84.938406,340.11929,2023-12-14 15:04:25-05:00,1.0,0.0,8.444967,243.500000
45.161847,-84.938538,342.326578,2023-12-14 15:04:28-05:00,1.0,0.0,9.291019,242.000000
45.161791,-84.938682,344.225768,2023-12-14 15:04:31-05:00,1.0,0.0,8.965829,242.400000
45.161746,-84.938804,345.319646,2023-12-14 15:04:34-05:00,1.0,0.0,8.240931,245.200000
45.161701,-84.938934,346.063165,2023-12-14 15:04:37-05:00,1.0,0.0,8.804686,243.300000
45.161653,-84.939067,347.137181,2023-12-14 15:04:40-05:00,1.0,0.0,8.901758,241.200000
45.161607,-84.939202,347.825877,2023-12-14 15:04:43-05:00,1.0,0.0,7.651884,246.100000
45.161553,-84.939313,348.144229,2023-12-14 15:04:49-05:00,1.0,0.0,0.0,240.900000
45.161553,-84.939313,348.144229,2023-12-14 15:04:49-05:00,1.0,0.0,0.0,240.900000
45.161516,-84.939441,349.580753,2023-12-14 15:04:55-05:00,0.0,0.0,4.599908,250.500000
45.161499,-84.939593,350.516541,2023-12-14 15:05:01-05:00,0.0,0.0,5.517419,270.300000
45.161507,-84.939734,350.525419,2023-12-14 15:05:07-05:00,0.0,0.0,4.002163,269.000000
45.161504,-84.939863,350.649332,2023-12-14 15:05:12-05:00,0.0,0.0,3.024494,259.200000
45.161452,-84.939979,350.168818,2023-12-14 15:05:18-05:00,0.0,0.0,4.139207,244.500000
45.161416,-84.940117,349.366245,2023-12-14 15:05:55-05:00,0.0,0.0,6.276351,257.800000
45.161387,-84.940247,348.620279,2023-12-14 15:05:59-05:00,0.0,0.0,6.681049,254.300000
45.161353,-84.940408,347.722829,2023-12-14 15:06:02-05:00,0.0,0.0,8.191207,255.400000
45.161325,-84.940531,346.804117,2023-12-14 15:06:04-05:00,0.0,0.0,8.632507,249.900000
45.161287,-84.940657,345.907375,2023-12-14 15:06:06-05:00,0.0,0.0,9.655156,253.500000
45.161272,-84.940783,345.950227,2023-12-14 15:06:08-05:00,0.0,0.0,9.709588,264.600000
45.161256,-84.940954,345.194974,2023-12-14 15:06:11-05:00,0.0,0.0,9.637652,256.400000
45.161241,-84.941104,344.121985,2023-12-14 15:06:14-05:00,0.0,0.0,9.339375,272.700000
45.161246,-84.941241,342.729527,2023-12-14 15:06:17-05:00,0.0,0.0,9.016641,263.300000
45.161238,-84.941399,341.41316,2023-12-14 15:06:20-05:00,0.0,0.0,9.016641,266.800000
45.161241,-84.94153,340.248613,2023-12-14 15:06:22-05:00,0.0,0.0,10.660406,268.800000
45.161246,-84.941665,339.40984,2023-12-14 15:06:24-05:00,0.0,0.0,11.090612,273.100000
45.161314,-84.941772,337.237159,2023-12-14 15:06:27-05:00,0.0,0.0,8.65442,335.000000
45.161421,-84.941789,335.519764,2023-12-14 15:06:29-05:00,0.0,0.0,10.589907,343.100000
45.161581,-84.941768,333.316313,2023-12-14 15:06:31-05:00,0.0,0.0,15.781955,11.800000
45.161749,-84.94169,331.199146,2023-12-14 15:06:33-05:00,0.0,0.0,17.984384,18.700000
45.161842,-84.94163,329.785792,2023-12-14 15:06:34-05:00,0.0,0.0,20.991289,23.600000
45.161925,-84.941562,328.596927,2023-12-14 15:06:35-05:00,0.0,0.0,21.751913,29.400000
45.162,-84.941488,326.880296,2023-12-14 15:06:36-05:00,0.0,0.0,21.751913,33.800000
45.162082,-84.941408,325.335372,2023-12-14 15:06:37-05:00,0.0,0.0,22.422734,33.500000
45.162168,-84.941324,323.527774,2023-12-14 15:06:38-05:00,0.0,0.0,23.957899,34.600000
45.162239,-84.941231,321.963119,2023-12-14 15:06:39-05:00,0.0,0.0,23.957899,40.300000
45.162304,-84.941092,308.277062,2023-12-14 15:06:40-05:00,0.0,0.0,23.802447,46.400000
45.162366,-84.94098,306.834107,2023-12-14 15:06:41-05:00,0.0,0.0,23.881695,49.600000
45.162418,-84.940868,305.681772,2023-12-14 15:06:42-05:00,0.0,0.0,23.335887,52.100000
45.162487,-84.940777,304.097694,2023-12-14 15:06:43-05:00,0.0,0.0,23.340974,46.700000
45.162623,-84.940627,301.00138,2023-12-14 15:06:45-05:00,0.0,0.0,22.653776,43.200000
45.162707,-84.940551,299.968535,2023-12-14 15:06:46-05:00,0.0,0.0,23.441837,35.900000
45.16278,-84.940473,298.849463,2023-12-14 15:06:47-05:00,0.0,0.0,23.079362,37.100000
45.162851,-84.940388,297.030527,2023-12-14 15:06:48-05:00,0.0,0.0,22.527371,38.300000
45.162998,-84.94025,294.294218,2023-12-14 15:06:50-05:00,0.0,0.0,22.912386,40.400000
45.163069,-84.940163,292.880814,2023-12-14 15:06:51-05:00,0.0,0.0,22.742117,41.200000
45.163153,-84.940093,291.525819,2023-12-14 15:06:52-05:00,0.0,0.0,23.245734,33.800000
45.163243,-84.94004,290.725813,2023-12-14 15:06:53-05:00,0.0,0.0,23.364793,28.900000
45.163313,-84.939959,289.504749,2023-12-14 15:06:54-05:00,0.0,0.0,22.994392,33.600000
45.163431,-84.939791,286.291385,2023-12-14 15:06:56-05:00,0.0,0.0,21.07126,41.200000
45.163527,-84.939604,284.46257,2023-12-14 15:06:58-05:00,0.0,0.0,20.323197,53.900000
45.163615,-84.939402,281.931787,2023-12-14 15:07:00-05:00,0.0,0.0,20.491285,56.100000
45.163767,-84.939272,279.231926,2023-12-14 15:07:02-05:00,0.0,0.0,21.618274,35.700000
45.163895,-84.939138,277.451294,2023-12-14 15:07:04-05:00,0.0,0.0,19.945694,39.800000
45.163996,-84.938958,273.670778,2023-12-14 15:07:06-05:00,0.0,0.0,20.352445,46.400000
45.164075,-84.938887,272.790559,2023-12-14 15:07:07-05:00,0.0,0.0,21.623206,38.200000
45.164236,-84.938814,271.412311,2023-12-14 15:07:09-05:00,0.0,0.0,20.501825,19.600000
45.164388,-84.938868,268.967554,2023-12-14 15:07:11-05:00,0.0,0.0,19.389795,352.800000
45.164475,-84.938917,266.773856,2023-12-14 15:07:12-05:00,0.0,0.0,21.454067,344.300000
45.164562,-84.938976,266.136983,2023-12-14 15:07:13-05:00,0.0,0.0,22.655172,338.600000
45.16465,-84.939011,266.842517,2023-12-14 15:07:14-05:00,0.0,0.0,22.306827,342.100000
45.164808,-84.938956,265.860447,2023-12-14 15:07:16-05:00,0.0,0.0,19.676271,7.700000
45.164922,-84.938842,264.155975,2023-12-14 15:07:18-05:00,0.0,0.0,17.468088,30.600000
45.165011,-84.938685,261.864301,2023-12-14 15:07:20-05:00,0.0,0.0,17.381677,46.600000
45.165099,-84.938535,260.972523,2023-12-14 15:07:22-05:00,0.0,0.0,16.867819,49.900000
45.165162,-84.938374,259.54666,2023-12-14 15:07:24-05:00,0.0,0.0,16.144958,58.000000
45.165243,-84.938223,259.208964,2023-12-14 15:07:26-05:00,0.0,0.0,16.374895,54.300000
45.165324,-84.938067,257.721701,2023-12-14 15:07:28-05:00,0.0,0.0,16.678223,55.100000
45.165357,-84.937877,254.984803,2023-12-14 15:07:30-05:00,0.0,0.0,17.188583,74.400000
45.1654,-84.937677,253.918969,2023-12-14 15:07:32-05:00,0.0,0.0,17.756896,72.300000
45.165464,-84.937473,252.392058,2023-12-14 15:07:34-05:00,0.0,0.0,19.23289,66.700000
45.165498,-84.93728,250.690396,2023-12-14 15:07:36-05:00,0.0,0.0,17.360961,74.800000
45.165517,-84.937074,248.859618,2023-12-14 15:07:38-05:00,0.0,0.0,17.771495,79.300000
45.165516,-84.936887,247.373854,2023-12-14 15:07:40-05:00,0.0,0.0,16.334675,86.100000
45.165563,-84.936685,245.535666,2023-12-14 15:07:42-05:00,0.0,0.0,17.663858,74.300000
45.165567,-84.936492,244.032404,2023-12-14 15:07:44-05:00,0.0,0.0,17.288131,85.000000
45.165594,-84.936295,243.203331,2023-12-14 15:07:46-05:00,0.0,0.0,17.253841,80.800000
45.16557,-84.936114,242.063426,2023-12-14 15:07:48-05:00,0.0,0.0,16.128919,96.900000
45.165544,-84.935952,241.182145,2023-12-14 15:07:50-05:00,0.0,0.0,15.011064,102.100000
45.165528,-84.935796,240.753341,2023-12-14 15:07:52-05:00,0.0,0.0,13.705736,96.300000
45.16554,-84.935639,240.108055,2023-12-14 15:07:54-05:00,0.0,0.0,13.537006,88.700000
45.1655,-84.935503,238.718795,2023-12-14 15:07:56-05:00,0.0,0.0,12.619587,105.700000
45.165507,-84.935357,238.375314,2023-12-14 15:07:58-05:00,0.0,0.0,12.672935,89.000000
45.165486,-84.93522,237.032861,2023-12-14 15:08:00-05:00,0.0,0.0,12.052593,102.400000
45.165459,-84.935082,236.75108,2023-12-14 15:08:02-05:00,0.0,0.0,12.289446,101.700000
45.165453,-84.934949,236.215463,2023-12-14 15:08:04-05:00,0.0,0.0,11.442676,98.300000
45.165403,-84.934817,235.319047,2023-12-14 15:08:06-05:00,0.0,0.0,12.320005,114.600000
45.165364,-84.934669,234.27581,2023-12-14 15:08:08-05:00,0.0,0.0,13.399919,108.400000
45.165309,-84.934538,233.811317,2023-12-14 15:08:10-05:00,0.0,0.0,12.961952,120.000000
45.165215,-84.934438,232.748056,2023-12-14 15:08:12-05:00,0.0,0.0,13.510272,134.200000
45.16516,-84.934309,231.629812,2023-12-14 15:08:14-05:00,0.0,0.0,13.254161,119.600000
45.165157,-84.93418,230.036536,2023-12-14 15:08:16-05:00,0.0,0.0,11.001497,101.700000
45.165086,-84.934073,229.429488,2023-12-14 15:08:19-05:00,0.0,0.0,7.850975,128.200000
45.165118,-84.933952,229.697545,2023-12-14 15:09:52-05:00,0.0,0.0,0.0,63.200000
45.165118,-84.933952,229.697545,2023-12-14 15:09:52-05:00,0.0,0.0,0.0,63.200000
45.165075,-84.933838,227.198256,2023-12-14 15:16:13-05:00,0.0,0.0,1.263245,102.800000
45.165013,-84.933745,226.146452,2023-12-14 15:17:07-05:00,0.0,0.0,1.770159,162.000000
45.164966,-84.933627,224.546774,2023-12-14 15:17:23-05:00,0.0,0.0,1.977496,137.900000
45.164995,-84.933506,225.460285,2023-12-14 15:18:43-05:00,0.0,0.0,1.235663,104.600000
45.165011,-84.933377,225.131302,2023-12-14 15:19:17-05:00,0.0,0.0,1.305973,93.200000
45.164286,-84.932244,220.112667,2023-12-14 16:18:29-05:00,27.0,4.0,-2.236936,-1.000000
45.164105,-84.932315,221.145343,2023-12-14 16:18:31-05:00,23.0,4.0,-2.236936,-1.000000
45.163939,-84.93325,204.53917,2023-12-14 16:18:33-05:00,9.0,13.0,6.978275,241.000000
45.163788,-84.933149,222.432394,2023-12-14 16:18:34-05:00,2.0,2.0,7.447468,240.700000
45.163719,-84.933282,226.184691,2023-12-14 16:18:37-05:00,1.0,1.0,8.79713,243.000000
45.163674,-84.933415,227.512093,2023-12-14 16:18:40-05:00,0.0,0.0,8.441318,244.200000
45.163624,-84.933543,228.42625,2023-12-14 16:18:43-05:00,0.0,0.0,8.846953,243.300000
45.163577,-84.933677,228.979431,2023-12-14 16:18:46-05:00,0.0,0.0,8.594173,243.400000
45.163529,-84.933811,230.205163,2023-12-14 16:18:49-05:00,0.0,0.0,8.624242,243.100000
45.163481,-84.933947,231.711172,2023-12-14 16:18:52-05:00,0.0,0.0,8.612032,244.400000
45.16343,-84.934091,233.30473,2023-12-14 16:18:55-05:00,0.0,0.0,8.956841,242.700000
45.163385,-84.934221,235.399925,2023-12-14 16:18:58-05:00,0.0,0.0,8.859368,243.100000
45.163332,-84.934351,236.85815,2023-12-14 16:19:01-05:00,0.0,0.0,8.563444,240.400000
45.163286,-84.934487,238.213721,2023-12-14 16:19:04-05:00,0.0,0.0,8.663178,243.100000
45.16324,-84.934618,246.609981,2023-12-14 16:19:07-05:00,0.0,0.0,8.549123,241.800000
45.16319,-84.93475,242.254841,2023-12-14 16:19:10-05:00,0.0,0.0,8.732198,242.100000
45.163143,-84.934877,245.141401,2023-12-14 16:19:13-05:00,0.0,0.0,8.756364,241.400000
45.163094,-84.935008,247.617644,2023-12-14 16:19:16-05:00,0.0,0.0,8.589956,240.400000
45.163051,-84.935135,249.241639,2023-12-14 16:19:19-05:00,0.0,0.0,8.571586,243.600000
45.163006,-84.935271,251.347534,2023-12-14 16:19:22-05:00,0.0,0.0,8.529959,244.400000
45.162961,-84.935409,253.70219,2023-12-14 16:19:25-05:00,0.0,0.0,8.540104,243.000000
45.162911,-84.935541,256.232271,2023-12-14 16:19:28-05:00,0.0,0.0,8.620613,241.600000
45.162867,-84.935674,258.972925,2023-12-14 16:19:31-05:00,0.0,0.0,8.51507,243.000000
45.162822,-84.9358,261.961587,2023-12-14 16:19:34-05:00,1.0,0.0,8.465448,242.700000
45.162772,-84.935928,265.109957,2023-12-14 16:19:37-05:00,0.0,0.0,8.383954,243.500000
45.162727,-84.936058,268.970857,2023-12-14 16:19:40-05:00,0.0,0.0,8.236238,244.300000
45.162684,-84.936188,272.929331,2023-12-14 16:19:43-05:00,0.0,0.0,8.322063,242.500000
45.162639,-84.936312,276.678941,2023-12-14 16:19:46-05:00,0.0,0.0,8.150376,241.700000
45.162587,-84.936446,281.005803,2023-12-14 16:19:49-05:00,1.0,0.0,8.341475,242.900000
45.162547,-84.936568,285.136671,2023-12-14 16:19:52-05:00,1.0,0.0,8.283988,242.700000
45.162504,-84.936692,288.688634,2023-12-14 16:19:55-05:00,0.0,0.0,8.040095,242.900000
45.162464,-84.936819,292.538076,2023-12-14 16:19:58-05:00,0.0,0.0,7.986232,242.000000
45.162424,-84.936945,296.34005,2023-12-14 16:20:01-05:00,0.0,0.0,8.090397,242.200000
45.162363,-84.937097,300.802086,2023-12-14 16:20:05-05:00,0.0,0.0,8.276083,242.300000
45.162323,-84.937213,304.390399,2023-12-14 16:20:08-05:00,0.0,0.0,8.213502,241.800000
45.162278,-84.937342,308.180598,2023-12-14 16:20:11-05:00,0.0,0.0,8.19341,242.300000
45.162234,-84.937468,311.811463,2023-12-14 16:20:14-05:00,0.0,0.0,8.448016,242.200000
45.16219,-84.937594,315.775336,2023-12-14 16:20:17-05:00,0.0,0.0,8.141312,241.700000
45.162148,-84.93771,318.999483,2023-12-14 16:20:20-05:00,0.0,0.0,8.036643,240.500000
45.162101,-84.937845,322.53152,2023-12-14 16:20:23-05:00,0.0,0.0,8.788099,241.400000
45.162051,-84.937983,325.824862,2023-12-14 16:20:26-05:00,0.0,0.0,8.704281,240.600000
45.162006,-84.93811,328.92342,2023-12-14 16:20:29-05:00,0.0,0.0,8.692712,242.900000
45.161964,-84.938236,331.827423,2023-12-14 16:20:32-05:00,0.0,0.0,8.272488,242.000000
45.161914,-84.938378,334.229975,2023-12-14 16:20:35-05:00,0.0,0.0,8.972633,241.000000
45.161862,-84.938515,336.474859,2023-12-14 16:20:38-05:00,0.0,0.0,8.936856,242.700000
45.161815,-84.938649,338.732337,2023-12-14 16:20:41-05:00,0.0,0.0,8.896137,243.600000
45.161773,-84.938772,340.712315,2023-12-14 16:20:44-05:00,0.0,0.0,8.862062,243.400000
45.161729,-84.938897,341.824084,2023-12-14 16:20:47-05:00,0.0,0.0,9.11097,241.500000
45.16168,-84.939029,343.216825,2023-12-14 16:20:50-05:00,0.0,0.0,8.83034,242.200000
45.161631,-84.939168,344.615924,2023-12-14 16:20:53-05:00,1.0,0.0,8.790366,243.000000
45.161577,-84.939284,345.967831,2023-12-14 16:20:57-05:00,1.0,0.0,3.314659,241.100000
45.161511,-84.9394,347.509469,2023-12-14 16:21:05-05:00,0.0,0.0,3.965193,191.300000
45.16146,-84.939258,349.003492,2023-12-14 16:21:12-05:00,0.0,0.0,5.127742,94.900000
45.161483,-84.939107,349.521037,2023-12-14 16:21:18-05:00,0.0,0.0,0.0,73.600000
45.161483,-84.939107,349.521037,2023-12-14 16:21:18-05:00,0.0,0.0,0.0,73.600000
45.16151,-84.938982,349.423633,2023-12-14 16:21:24-05:00,0.0,0.0,3.71384,78.800000
45.161522,-84.938844,348.829396,2023-12-14 16:21:29-05:00,0.0,0.0,5.818204,81.900000
45.161528,-84.938686,349.292359,2023-12-14 16:21:33-05:00,0.0,0.0,6.427134,81.400000
45.161523,-84.938541,348.729992,2023-12-14 16:21:38-05:00,0.0,0.0,5.395622,89.800000
45.1615,-84.938405,349.105512,2023-12-14 16:21:43-05:00,0.0,0.0,0.0,106.700000
45.1615,-84.938405,349.105512,2023-12-14 16:21:43-05:00,0.0,0.0,0.0,106.700000
45.161468,-84.938276,349.053804,2023-12-14 16:21:48-05:00,0.0,0.0,4.688366,113.500000
45.161423,-84.938164,349.922078,2023-12-14 16:22:03-05:00,0.0,0.0,2.709471,96.400000
45.161431,-84.93803,349.548899,2023-12-14 16:22:10-05:00,0.0,0.0,3.190914,81.600000
45.161463,-84.937905,348.166052,2023-12-14 16:23:04-05:00,0.0,0.0,1.022653,70.000000
45.161469,-84.93776,346.73083,2023-12-14 16:23:09-05:00,0.0,0.0,4.827015,97.600000
45.161452,-84.937627,345.887577,2023-12-14 16:23:12-05:00,0.0,0.0,6.706883,98.400000
45.161502,-84.937461,343.568955,2023-12-14 16:23:16-05:00,0.0,0.0,7.453058,76.000000
45.161544,-84.93729,341.343242,2023-12-14 16:23:19-05:00,0.0,0.0,8.474396,76.900000
45.161598,-84.937112,338.188787,2023-12-14 16:23:22-05:00,0.0,0.0,9.565484,73.000000
45.161635,-84.936939,335.048267,2023-12-14 16:23:25-05:00,0.0,0.0,9.668904,64.100000
45.161653,-84.936787,332.009459,2023-12-14 16:23:28-05:00,0.0,0.0,9.487726,87.900000
45.161695,-84.93662,327.725202,2023-12-14 16:23:31-05:00,0.0,0.0,9.541189,72.900000
45.161726,-84.936466,321.875347,2023-12-14 16:23:34-05:00,0.0,0.0,10.537661,67.200000
45.161772,-84.936301,316.135671,2023-12-14 16:23:37-05:00,0.0,0.0,12.420083,60.800000
45.161818,-84.936142,310.00249,2023-12-14 16:23:40-05:00,0.0,0.0,9.313122,54.900000
45.161865,-84.936023,305.680519,2023-12-14 16:23:42-05:00,0.0,0.0,12.719788,73.200000
45.161921,-84.935884,300.347015,2023-12-14 16:23:44-05:00,1.0,0.0,13.057037,47.500000
45.161989,-84.935759,297.260789,2023-12-14 16:23:46-05:00,0.0,0.0,13.835323,55.900000
45.162041,-84.935505,290.772972,2023-12-14 16:23:48-05:00,0.0,0.0,20.981454,75.300000
45.162085,-84.935389,287.958565,2023-12-14 16:23:49-05:00,0.0,0.0,20.981454,63.000000
45.162132,-84.93528,285.166992,2023-12-14 16:23:50-05:00,0.0,0.0,21.090019,60.300000
45.162178,-84.93514,281.683583,2023-12-14 16:23:51-05:00,0.0,0.0,23.792654,64.000000
45.162232,-84.935014,278.538843,2023-12-14 16:23:52-05:00,0.0,0.0,24.255029,60.000000
45.162288,-84.934884,277.150455,2023-12-14 16:23:53-05:00,0.0,0.0,24.255029,59.300000
45.162345,-84.934749,274.772517,2023-12-14 16:23:54-05:00,0.0,0.0,25.713786,59.900000
45.162401,-84.934622,272.320482,2023-12-14 16:23:55-05:00,0.0,0.0,25.601718,60.100000
45.162461,-84.934479,269.697137,2023-12-14 16:23:56-05:00,0.0,0.0,27.528331,60.700000
45.162522,-84.934344,267.033008,2023-12-14 16:23:57-05:00,0.0,0.0,27.135668,59.100000
45.162576,-84.934203,264.073051,2023-12-14 16:23:58-05:00,0.0,0.0,27.135668,60.600000
45.162617,-84.934059,261.80002,2023-12-14 16:23:59-05:00,0.0,0.0,26.914142,65.900000
45.162652,-84.933913,259.509082,2023-12-14 16:24:00-05:00,0.0,0.0,26.914142,69.600000
45.162682,-84.93377,257.10751,2023-12-14 16:24:01-05:00,0.0,0.0,26.368032,72.100000
45.162707,-84.933637,254.390851,2023-12-14 16:24:02-05:00,0.0,0.0,25.342406,73.200000
45.162737,-84.933516,251.919911,2023-12-14 16:24:03-05:00,0.0,0.0,23.589647,69.600000
45.162807,-84.933299,233.178456,2023-12-14 16:24:05-05:00,0.0,0.0,22.534086,68.400000
45.162852,-84.933176,231.540512,2023-12-14 16:24:06-05:00,0.0,0.0,22.609532,64.300000
45.162909,-84.933065,229.832174,2023-12-14 16:24:07-05:00,0.0,0.0,23.851098,59.700000
45.162979,-84.932963,228.339517,2023-12-14 16:24:08-05:00,0.0,0.0,24.151199,52.100000
45.1631,-84.932784,226.411117,2023-12-14 16:24:10-05:00,0.0,0.0,21.483623,52.600000
45.163171,-84.932687,225.464064,2023-12-14 16:24:11-05:00,0.0,0.0,22.754053,46.500000
45.163249,-84.932618,224.723777,2023-12-14 16:24:12-05:00,0.0,0.0,22.074401,42.100000
45.163399,-84.932509,222.596488,2023-12-14 16:24:14-05:00,0.0,0.0,21.139343,30.300000
45.163547,-84.932438,221.596878,2023-12-14 16:24:16-05:00,0.0,0.0,18.976669,19.900000
45.163679,-84.93242,221.628914,2023-12-14 16:24:18-05:00,0.0,0.0,16.477964,6.700000
45.163764,-84.932346,218.7013,2023-12-14 16:24:20-05:00,0.0,0.0,13.087189,30.500000
45.163828,-84.932199,217.625269,2023-12-14 16:24:23-05:00,0.0,0.0,9.755078,52.900000
45.163914,-84.932162,218.361439,2023-12-14 16:24:26-05:00,0.0,0.0,5.576783,10.000000
45.164001,-84.932127,221.897526,2023-12-14 16:25:22-05:00,0.0,0.0,0.0,37.300000
45.164001,-84.932127,221.897526,2023-12-14 16:25:22-05:00,0.0,0.0,0.0,37.300000
45.164091,-84.932168,219.899611,2023-12-14 16:25:35-05:00,0.0,0.0,1.15646,339.200000
45.164045,-84.932288,221.686,2023-12-14 16:26:06-05:00,0.0,0.0,0.595595,209.900000
45.164003,-84.932415,216.830429,2023-12-14 16:26:45-05:00,0.0,0.0,2.861467,251.100000
45.163963,-84.932553,216.91118,2023-12-14 16:26:48-05:00,0.0,0.0,7.991142,243.300000
45.163922,-84.932696,218.502815,2023-12-14 16:26:51-05:00,0.0,0.0,8.355442,245.800000
45.163878,-84.932836,220.868959,2023-12-14 16:26:54-05:00,0.0,0.0,8.923427,246.700000
45.163831,-84.932965,224.231754,2023-12-14 16:26:57-05:00,0.0,0.0,8.46907,243.200000
45.163784,-84.933096,227.417295,2023-12-14 16:27:00-05:00,0.0,0.0,8.48614,241.400000
45.163754,-84.933232,224.914926,2023-12-14 16:27:03-05:00,1.0,0.0,8.197474,241.700000
45.163709,-84.933354,226.316753,2023-12-14 16:27:06-05:00,1.0,0.0,8.548841,241.000000
45.16366,-84.933482,227.134703,2023-12-14 16:27:09-05:00,1.0,0.0,8.414518,243.500000
45.16361,-84.933615,229.076854,2023-12-14 16:27:12-05:00,0.0,0.0,8.891048,243.600000
45.163565,-84.933753,231.346701,2023-12-14 16:27:15-05:00,0.0,0.0,9.157796,245.100000
45.163515,-84.933891,233.300338,2023-12-14 16:27:18-05:00,0.0,0.0,8.472094,242.800000
45.163467,-84.934028,235.392946,2023-12-14 16:27:21-05:00,0.0,0.0,8.530203,245.700000
45.16342,-84.93415,237.004289,2023-12-14 16:27:24-05:00,0.0,0.0,8.939858,242.000000
45.163368,-84.934276,238.627422,2023-12-14 16:27:27-05:00,0.0,0.0,8.738686,244.200000
45.163318,-84.934412,239.867381,2023-12-14 16:27:30-05:00,0.0,0.0,8.622081,241.600000
45.163269,-84.934544,241.895251,2023-12-14 16:27:33-05:00,0.0,0.0,8.677624,242.200000
45.163221,-84.934675,244.303844,2023-12-14 16:27:36-05:00,0.0,0.0,8.680085,243.300000
45.16317,-84.934801,246.475845,2023-12-14 16:27:39-05:00,0.0,0.0,8.643851,244.500000
45.16312,-84.934942,248.756969,2023-12-14 16:27:42-05:00,0.0,0.0,8.634064,245.000000
45.163076,-84.935076,251.158405,2023-12-14 16:27:45-05:00,0.0,0.0,8.757026,242.600000
45.163028,-84.935203,253.74745,2023-12-14 16:27:48-05:00,0.0,0.0,8.567692,243.400000
45.162978,-84.935334,256.118556,2023-12-14 16:27:51-05:00,0.0,0.0,8.711364,242.900000
45.162933,-84.935471,258.898938,2023-12-14 16:27:54-05:00,0.0,0.0,8.647121,242.300000
45.162894,-84.935593,261.541022,2023-12-14 16:27:57-05:00,0.0,0.0,8.570041,242.100000
45.16285,-84.935712,262.959992,2023-12-14 16:28:00-05:00,0.0,0.0,8.532485,243.400000
45.162806,-84.935838,265.270974,2023-12-14 16:28:03-05:00,0.0,0.0,8.404268,242.500000
45.162753,-84.93597,269.237772,2023-12-14 16:28:06-05:00,0.0,0.0,8.141748,240.100000
45.162708,-84.936102,272.76667,2023-12-14 16:28:09-05:00,0.0,0.0,8.174826,242.000000
45.162664,-84.936226,276.646378,2023-12-14 16:28:12-05:00,0.0,0.0,8.347606,244.000000
45.162624,-84.936355,280.796812,2023-12-14 16:28:15-05:00,0.0,0.0,8.225132,244.300000
45.162575,-84.936485,284.941071,2023-12-14 16:28:18-05:00,0.0,0.0,8.082467,242.000000
45.162534,-84.936609,289.396673,2023-12-14 16:28:21-05:00,0.0,0.0,8.085769,243.500000
45.162491,-84.93673,294.070239,2023-12-14 16:28:24-05:00,0.0,0.0,8.025295,243.300000
45.162451,-84.936853,298.588776,2023-12-14 16:28:27-05:00,0.0,0.0,7.924242,243.200000
45.162411,-84.936974,303.357953,2023-12-14 16:28:30-05:00,0.0,0.0,7.706093,245.200000
45.162367,-84.937108,306.407674,2023-12-14 16:28:33-05:00,0.0,0.0,8.62041,240.400000
45.162321,-84.937218,310.439047,2023-12-14 16:28:36-05:00,0.0,0.0,8.038381,240.100000
45.162268,-84.93734,314.75756,2023-12-14 16:28:39-05:00,0.0,0.0,8.48072,244.100000
45.162218,-84.937469,319.147112,2023-12-14 16:28:42-05:00,0.0,0.0,8.470935,244.700000
45.162173,-84.937591,322.536478,2023-12-14 16:28:45-05:00,0.0,0.0,8.228217,242.500000
45.162129,-84.937712,326.014935,2023-12-14 16:28:48-05:00,0.0,0.0,8.331548,241.400000
45.162081,-84.937854,329.639519,2023-12-14 16:28:51-05:00,0.0,0.0,8.788189,244.100000
45.162039,-84.937989,332.405359,2023-12-14 16:28:54-05:00,0.0,0.0,8.594862,243.800000
45.162001,-84.938112,335.685071,2023-12-14 16:28:57-05:00,0.0,0.0,7.36609,242.300000
45.161955,-84.938241,338.823358,2023-12-14 16:29:01-05:00,0.0,0.0,6.464252,241.800000
45.161907,-84.938373,340.354767,2023-12-14 16:29:05-05:00,0.0,0.0,6.762923,242.100000
45.16186,-84.938506,342.331782,2023-12-14 16:29:09-05:00,0.0,0.0,6.818209,243.800000
45.16181,-84.938646,344.249816,2023-12-14 16:29:13-05:00,0.0,0.0,6.764902,249.300000
45.161764,-84.938783,346.398548,2023-12-14 16:29:17-05:00,0.0,0.0,6.298246,239.900000
45.161712,-84.938921,347.530272,2023-12-14 16:29:21-05:00,0.0,0.0,7.928096,243.000000
45.161665,-84.939057,348.6316,2023-12-14 16:29:24-05:00,0.0,0.0,8.458921,243.700000
45.161624,-84.939186,349.308003,2023-12-14 16:29:27-05:00,0.0,0.0,8.167417,245.300000
45.161568,-84.939307,350.216352,2023-12-14 16:29:33-05:00,0.0,0.0,0.0,247.300000
45.161568,-84.939307,350.216352,2023-12-14 16:29:33-05:00,0.0,0.0,0.0,247.300000
45.161539,-84.939456,350.498564,2023-12-14 16:29:38-05:00,0.0,0.0,5.453805,253.500000
45.161522,-84.939585,351.739374,2023-12-14 16:29:44-05:00,0.0,0.0,2.357212,263.400000
45.161492,-84.939732,352.019243,2023-12-14 16:29:57-05:00,0.0,0.0,4.27494,260.300000
45.161453,-84.939851,350.368658,2023-12-14 16:31:54-05:00,0.0,0.0,1.416858,254.600000
45.161418,-84.939984,350.039235,2023-12-14 16:33:18-05:00,0.0,0.0,1.849365,307.100000
45.161403,-84.940125,348.925004,2023-12-14 16:36:42-05:00,0.0,0.0,3.729613,291.500000
45.161376,-84.940257,347.896912,2023-12-14 16:36:50-05:00,0.0,0.0,3.856474,232.000000
45.161369,-84.940385,346.992272,2023-12-14 16:37:32-05:00,0.0,0.0,0.539504,248.900000
45.161339,-84.940525,345.090978,2023-12-14 16:37:37-05:00,0.0,0.0,0.733641,271.200000
45.161301,-84.940697,342.929277,2023-12-14 16:37:40-05:00,0.0,0.0,8.899736,259.600000
45.161276,-84.940827,343.033812,2023-12-14 16:37:42-05:00,0.0,0.0,9.674161,254.000000
45.161268,-84.940958,342.869122,2023-12-14 16:37:45-05:00,0.0,0.0,8.819528,299.200000
45.161252,-84.941101,341.910595,2023-12-14 16:38:03-05:00,0.0,0.0,0.0,279.800000
45.161252,-84.941101,341.910595,2023-12-14 16:38:03-05:00,0.0,0.0,0.0,279.800000
45.161242,-84.94123,341.236657,2023-12-14 16:38:07-05:00,0.0,0.0,4.540697,252.300000
45.161228,-84.941366,341.113826,2023-12-14 16:38:14-05:00,0.0,0.0,3.788368,255.300000
45.161219,-84.941495,337.495879,2023-12-14 16:38:20-05:00,0.0,0.0,3.277866,233.500000
45.161215,-84.94164,336.37514,2023-12-14 16:38:29-05:00,0.0,0.0,4.474465,264.800000
45.161249,-84.941769,335.921761,2023-12-14 16:38:38-05:00,0.0,0.0,0.0,293.400000
45.161249,-84.941769,335.921761,2023-12-14 16:38:38-05:00,0.0,0.0,0.0,293.400000
45.161305,-84.941872,335.233414,2023-12-14 16:39:51-05:00,0.0,0.0,4.468661,296.700000
45.161393,-84.941925,333.14319,2023-12-14 16:40:13-05:00,0.0,0.0,1.403288,4.500000
45.161498,-84.941879,331.550257,2023-12-14 16:40:47-05:00,0.0,0.0,4.366815,355.800000
45.161591,-84.941797,327.563703,2023-12-14 16:40:53-05:00,0.0,0.0,5.919184,30.600000
45.161685,-84.941741,324.028559,2023-12-14 16:40:57-05:00,0.0,0.0,6.465938,41.300000
45.161769,-84.941683,321.568527,2023-12-14 16:41:02-05:00,0.0,0.0,5.306044,350.700000
45.161858,-84.941627,321.185143,2023-12-14 16:41:06-05:00,0.0,0.0,5.567513,49.800000
45.161948,-84.941554,319.226297,2023-12-14 16:41:12-05:00,0.0,0.0,0.0,3.700000
45.161948,-84.941554,319.226297,2023-12-14 16:41:12-05:00,0.0,0.0,0.0,3.700000
45.162073,-84.94151,315.3113,2023-12-14 16:41:15-05:00,0.0,0.0,11.080807,32.500000
45.162112,-84.941356,313.28511,2023-12-14 16:41:17-05:00,0.0,0.0,13.042457,63.900000
45.162147,-84.941235,312.232705,2023-12-14 16:41:19-05:00,0.0,0.0,12.095593,60.400000
45.162247,-84.941185,310.424936,2023-12-14 16:41:21-05:00,0.0,0.0,12.540455,33.000000
45.162246,-84.94103,310.245227,2023-12-14 16:41:24-05:00,0.0,0.0,7.897944,86.600000
45.162312,-84.940939,308.199273,2023-12-14 16:41:33-05:00,0.0,0.0,0.0,44.700000
45.162312,-84.940939,308.199273,2023-12-14 16:41:33-05:00,0.0,0.0,0.0,44.700000
45.162406,-84.940942,306.795163,2023-12-14 16:41:44-05:00,0.0,0.0,4.764218,1.000000
45.162478,-84.940847,304.701497,2023-12-14 16:41:48-05:00,0.0,0.0,5.437249,32.200000
45.162528,-84.940739,305.990804,2023-12-14 16:41:56-05:00,0.0,0.0,1.315753,53.100000
45.162635,-84.940677,304.25199,2023-12-14 16:42:04-05:00,0.0,0.0,5.970101,7.200000
45.162717,-84.940583,300.375345,2023-12-14 16:42:11-05:00,0.0,0.0,0.0,54.100000
45.162717,-84.940583,300.375345,2023-12-14 16:42:11-05:00,0.0,0.0,0.0,54.100000
45.162803,-84.940514,299.064711,2023-12-14 16:42:21-05:00,0.0,0.0,2.58034,25.000000
45.162882,-84.94044,298.107474,2023-12-14 16:42:25-05:00,0.0,0.0,4.426237,32.400000
45.162985,-84.940377,296.162168,2023-12-14 16:42:29-05:00,0.0,0.0,6.967426,18.900000
45.163054,-84.940287,294.198438,2023-12-14 16:42:32-05:00,0.0,0.0,8.112323,57.300000
45.16306,-84.940153,292.99607,2023-12-14 16:42:35-05:00,0.0,0.0,6.800286,76.300000
45.163175,-84.940193,292.262524,2023-12-14 16:42:39-05:00,0.0,0.0,7.841372,336.100000
45.163228,-84.940073,289.808574,2023-12-14 16:42:43-05:00,0.0,0.0,7.001409,73.800000
45.163217,-84.939943,289.519355,2023-12-14 16:43:02-05:00,0.0,0.0,0.0,22.300000
45.163217,-84.939943,289.519355,2023-12-14 16:43:02-05:00,0.0,0.0,0.0,22.300000
45.163295,-84.939845,289.450115,2023-12-14 16:43:40-05:00,0.0,0.0,5.595609,47.000000
45.163361,-84.939752,288.542614,2023-12-14 16:43:43-05:00,0.0,0.0,7.190178,51.400000
45.163457,-84.939708,286.839631,2023-12-14 16:43:46-05:00,0.0,0.0,7.156319,36.400000
45.163548,-84.939627,285.72281,2023-12-14 16:43:50-05:00,0.0,0.0,6.681026,27.000000
45.163607,-84.9395,285.362163,2023-12-14 16:43:53-05:00,0.0,0.0,7.754832,50.100000
45.163703,-84.939388,282.565919,2023-12-14 16:43:57-05:00,0.0,0.0,8.73414,34.800000
45.163771,-84.939283,281.447513,2023-12-14 16:43:59-05:00,0.0,0.0,11.827899,50.100000
45.163805,-84.939134,279.552212,2023-12-14 16:44:01-05:00,0.0,0.0,13.140014,64.600000
45.163882,-84.939055,276.097752,2023-12-14 16:44:04-05:00,0.0,0.0,6.410024,35.700000
45.163973,-84.938987,278.041113,2023-12-14 16:45:00-05:00,0.0,0.0,0.0,26.200000
45.163973,-84.938987,278.041113,2023-12-14 16:45:00-05:00,0.0,0.0,0.0,26.200000
45.164026,-84.93888,276.719473,2023-12-14 16:45:12-05:00,0.0,0.0,1.41556,99.700000
45.164117,-84.938845,275.900879,2023-12-14 16:45:50-05:00,0.0,0.0,2.917104,359.700000
45.164192,-84.93874,274.51575,2023-12-14 16:45:58-05:00,0.0,0.0,4.442383,50.300000
45.164266,-84.938663,272.281103,2023-12-14 16:46:19-05:00,0.0,0.0,3.149591,15.900000
45.164307,-84.938542,271.900372,2023-12-14 16:46:30-05:00,0.0,0.0,2.141735,56.300000
45.164408,-84.938515,273.258876,2023-12-14 16:46:41-05:00,0.0,0.0,3.455013,3.600000
45.164433,-84.938386,271.434516,2023-12-14 16:46:50-05:00,0.0,0.0,1.972513,79.500000
45.164526,-84.938309,269.490334,2023-12-14 16:46:59-05:00,0.0,0.0,4.133265,5.000000
45.164572,-84.938186,269.00866,2023-12-14 16:47:05-05:00,0.0,0.0,3.392207,57.000000
45.164667,-84.938173,267.034646,2023-12-14 16:47:10-05:00,0.0,0.0,4.603022,21.700000
45.164683,-84.938031,264.924346,2023-12-14 16:47:13-05:00,0.0,0.0,8.077201,89.400000
45.164694,-84.937881,263.697717,2023-12-14 16:47:17-05:00,0.0,0.0,6.028033,61.300000
45.164787,-84.93792,263.022923,2023-12-14 16:47:20-05:00,0.0,0.0,7.260131,351.300000
45.164838,-84.937793,262.858747,2023-12-14 16:47:24-05:00,0.0,0.0,5.022504,64.100000
45.164895,-84.937692,260.302066,2023-12-14 16:47:28-05:00,0.0,0.0,4.758963,58.900000
45.164972,-84.937596,259.334724,2023-12-14 16:47:31-05:00,0.0,0.0,7.142506,46.400000
45.165028,-84.937464,255.859373,2023-12-14 16:47:35-05:00,0.0,0.0,7.209695,66.300000
45.165106,-84.937373,254.789106,2023-12-14 16:47:39-05:00,0.0,0.0,5.896255,55.000000
45.165075,-84.937238,254.321959,2023-12-14 16:47:43-05:00,0.0,0.0,4.336153,109.100000
45.165064,-84.937108,253.808545,2023-12-14 16:47:47-05:00,0.0,0.0,5.535509,89.200000
45.165167,-84.937071,253.439221,2023-12-14 16:47:52-05:00,0.0,0.0,5.996441,354.300000
45.165204,-84.936929,252.329535,2023-12-14 16:47:56-05:00,0.0,0.0,7.370121,96.400000
45.165238,-84.93681,252.29136,2023-12-14 16:48:04-05:00,0.0,0.0,0.0,53.900000
45.165238,-84.93681,252.29136,2023-12-14 16:48:04-05:00,0.0,0.0,0.0,53.900000
45.165187,-84.936679,251.010578,2023-12-14 16:48:09-05:00,0.0,0.0,3.823177,115.000000
45.165257,-84.936573,248.559936,2023-12-14 16:48:14-05:00,0.0,0.0,4.703208,64.300000
45.165208,-84.936463,246.570849,2023-12-14 16:48:18-05:00,0.0,0.0,3.973906,97.500000
45.165272,-84.936342,245.286935,2023-12-14 16:48:22-05:00,0.0,0.0,5.980836,51.300000
45.165234,-84.9362,244.294068,2023-12-14 16:48:26-05:00,0.0,0.0,5.968757,130.600000
45.165157,-84.936114,244.387357,2023-12-14 16:48:29-05:00,0.0,0.0,7.564741,145.700000
45.165182,-84.935972,242.99386,2023-12-14 16:48:33-05:00,0.0,0.0,5.983243,66.800000
45.165122,-84.935869,245.210467,2023-12-14 16:48:54-05:00,0.0,0.0,0.0,147.300000
45.165122,-84.935869,245.210467,2023-12-14 16:48:54-05:00,0.0,0.0,0.0,147.300000
45.165033,-84.935798,241.879501,2023-12-14 16:49:30-05:00,0.0,0.0,3.858187,140.300000
45.165054,-84.935658,241.332573,2023-12-14 16:49:35-05:00,0.0,0.0,4.499432,68.500000
45.165025,-84.935507,239.858387,2023-12-14 16:49:40-05:00,0.0,0.0,5.34709,82.700000
45.164945,-84.93543,239.065906,2023-12-14 16:49:44-05:00,0.0,0.0,5.181565,151.400000
45.164878,-84.935323,236.539649,2023-12-14 16:49:51-05:00,0.0,0.0,0.0,127.000000
45.164878,-84.935323,236.539649,2023-12-14 16:49:51-05:00,0.0,0.0,0.0,127.000000
45.164893,-84.935192,237.194676,2023-12-14 16:49:57-05:00,0.0,0.0,3.185075,87.500000
45.164829,-84.935077,236.432744,2023-12-14 16:50:02-05:00,0.0,0.0,5.422398,167.800000
45.164738,-84.935033,233.148899,2023-12-14 16:50:07-05:00,0.0,0.0,4.025081,129.700000
45.164767,-84.934901,233.771186,2023-12-14 16:50:13-05:00,0.0,0.0,2.455552,84.400000
45.164747,-84.934764,232.23797,2023-12-14 16:50:22-05:00,0.0,0.0,3.603044,100.700000
45.164745,-84.934631,232.069061,2023-12-14 16:50:28-05:00,0.0,0.0,4.721544,104.900000
45.164634,-84.934627,230.790755,2023-12-14 16:50:33-05:00,0.0,0.0,0.0,172.900000
45.164634,-84.934627,230.790755,2023-12-14 16:50:33-05:00,0.0,0.0,0.0,172.900000
45.164597,-84.934489,232.308618,2023-12-14 16:51:41-05:00,0.0,0.0,3.77066,112.300000
45.164585,-84.93433,231.99874,2023-12-14 16:51:45-05:00,0.0,0.0,7.486894,99.200000
45.164517,-84.93421,229.805931,2023-12-14 16:51:48-05:00,0.0,0.0,8.39024,119.800000
45.164499,-84.934074,228.677064,2023-12-14 16:51:51-05:00,0.0,0.0,8.044452,117.300000
45.164484,-84.933943,227.765054,2023-12-14 16:51:54-05:00,0.0,0.0,6.872385,91.400000
45.164395,-84.933841,227.393824,2023-12-14 16:51:58-05:00,0.0,0.0,6.09872,134.700000
45.164394,-84.933701,226.699212,2023-12-14 16:52:03-05:00,0.0,0.0,4.141551,111.600000
45.164327,-84.933589,225.521587,2023-12-14 16:52:09-05:00,0.0,0.0,4.387455,149.900000
45.164281,-84.933459,223.191947,2023-12-14 16:53:17-05:00,0.0,0.0,2.920748,94.300000
45.164242,-84.933317,222.287994,2023-12-14 16:53:23-05:00,0.0,0.0,5.08197,117.200000
45.164173,-84.933208,222.624916,2023-12-14 16:53:28-05:00,0.0,0.0,4.874289,136.400000
45.164132,-84.933069,221.589569,2023-12-14 16:53:33-05:00,0.0,0.0,6.163023,94.800000
45.164144,-84.932932,219.026008,2023-12-14 16:53:38-05:00,0.0,0.0,5.064905,62.700000
45.164151,-84.932789,217.543483,2023-12-14 16:53:42-05:00,0.0,0.0,6.644687,74.600000
45.164206,-84.932681,216.985429,2023-12-14 16:53:45-05:00,0.0,0.0,8.662753,74.400000
45.164245,-84.932522,216.766904,2023-12-14 16:53:48-05:00,0.0,0.0,9.762851,70.700000
45.164217,-84.932398,216.204637,2023-12-14 16:53:51-05:00,0.0,0.0,6.940632,102.100000
45.164194,-84.932272,217.47617,2023-12-14 16:54:11-05:00,0.0,0.0,0.0,116.400000
45.164194,-84.932272,217.47617,2023-12-14 16:54:11-05:00,0.0,0.0,0.0,116.400000
45.164165,-84.932151,218.995741,2023-12-14 16:54:20-05:00,0.0,0.0,2.867415,116.500000
45.164126,-84.932023,216.858165,2023-12-14 16:54:29-05:00,0.0,0.0,3.417958,103.800000
45.164047,-84.931931,217.237055,2023-12-14 16:55:07-05:00,0.0,0.0,3.380223,173.800000
45.163957,-84.931886,216.054862,2023-12-14 16:55:18-05:00,0.0,0.0,2.906178,157.600000
45.163886,-84.931803,216.287564,2023-12-14 16:55:27-05:00,0.0,0.0,2.245821,132.400000
45.163813,-84.931728,218.593017,2023-12-14 16:55:35-05:00,0.0,0.0,2.754375,168.200000
45.163736,-84.931815,219.706503,2023-12-14 16:55:42-05:00,0.0,0.0,2.735531,232.200000
45.163696,-84.931935,224.565393,2023-12-14 16:56:15-05:00,0.0,0.0,0.844891,245.500000
45.163676,-84.932069,224.03233,2023-12-14 16:56:40-05:00,0.0,0.0,2.243016,243.200000
45.163628,-84.932178,224.626664,2023-12-14 16:56:51-05:00,0.0,0.0,2.286862,241.500000
45.163583,-84.932292,226.402493,2023-12-14 16:57:02-05:00,0.0,0.0,2.14235,242.700000
45.16354,-84.932413,228.652209,2023-12-14 16:57:13-05:00,0.0,0.0,2.265647,244.700000
45.1635,-84.932527,229.698111,2023-12-14 16:57:23-05:00,0.0,0.0,2.28875,244.700000
45.163456,-84.932639,230.575057,2023-12-14 16:57:33-05:00,0.0,0.0,2.23701,244.700000
45.163416,-84.932753,231.395221,2023-12-14 16:57:43-05:00,0.0,0.0,2.231268,244.700000
45.163372,-84.932868,233.100197,2023-12-14 16:57:53-05:00,0.0,0.0,2.208176,244.700000
45.163348,-84.932996,231.335272,2023-12-14 16:58:04-05:00,0.0,0.0,2.0575,245.100000
45.16329,-84.933107,233.196486,2023-12-14 16:58:13-05:00,0.0,0.0,2.208963,241.000000
45.163241,-84.933215,234.211372,2023-12-14 16:58:24-05:00,0.0,0.0,2.20774,239.700000
45.16321,-84.933345,234.05695,2023-12-14 16:58:33-05:00,0.0,0.0,3.603861,252.700000
45.163183,-84.933469,233.075073,2023-12-14 16:58:43-05:00,0.0,0.0,2.290323,245.200000
45.163147,-84.933586,233.7696,2023-12-14 16:58:53-05:00,0.0,0.0,2.207111,244.100000
45.163101,-84.93371,235.21136,2023-12-14 16:59:04-05:00,0.0,0.0,2.202897,242.300000
45.163054,-84.93382,236.942093,2023-12-14 16:59:13-05:00,0.0,0.0,2.169052,243.600000
45.163011,-84.933943,238.226006,2023-12-14 16:59:23-05:00,0.0,0.0,2.297092,241.600000
45.162979,-84.934062,240.219593,2023-12-14 16:59:35-05:00,0.0,0.0,2.181476,247.000000
45.162929,-84.934171,241.295537,2023-12-14 16:59:45-05:00,1.0,0.0,2.08316,236.300000
45.162882,-84.93429,243.011027,2023-12-14 16:59:57-05:00,1.0,0.0,2.145338,236.300000
45.162832,-84.934411,243.844976,2023-12-14 17:00:06-05:00,1.0,0.0,2.279127,246.200000
45.162789,-84.934531,245.455335,2023-12-14 17:00:16-05:00,1.0,0.0,2.116748,242.500000
45.162761,-84.934655,248.093935,2023-12-14 17:00:27-05:00,1.0,0.0,2.346173,251.300000
45.162721,-84.934775,249.854857,2023-12-14 17:00:38-05:00,1.0,0.0,1.937744,251.300000
45.162671,-84.934889,252.812344,2023-12-14 17:00:49-05:00,1.0,0.0,1.74458,250.000000
45.162632,-84.935015,253.018736,2023-12-14 17:00:58-05:00,1.0,0.0,1.584236,250.000000
45.162592,-84.935135,254.882659,2023-12-14 17:01:10-05:00,1.0,0.0,1.334675,250.000000
45.162558,-84.935257,257.739526,2023-12-14 17:01:21-05:00,1.0,0.0,1.806295,250.000000
45.162509,-84.93537,260.729184,2023-12-14 17:01:31-05:00,1.0,0.0,2.032062,250.000000
45.162465,-84.935491,265.678825,2023-12-14 17:01:43-05:00,1.0,0.0,2.098879,244.000000
45.16242,-84.93561,267.682969,2023-12-14 17:01:53-05:00,1.0,0.0,1.901984,235.000000
45.162376,-84.935727,270.457593,2023-12-14 17:02:04-05:00,1.0,0.0,1.869065,235.000000
45.162338,-84.935844,274.294204,2023-12-14 17:02:16-05:00,1.0,0.0,1.864674,235.000000
45.162285,-84.935951,277.965915,2023-12-14 17:02:27-05:00,1.0,0.0,2.125933,235.000000
45.162243,-84.936068,281.93274,2023-12-14 17:02:37-05:00,1.0,0.0,1.945074,235.000000
45.16219,-84.936179,284.540919,2023-12-14 17:02:47-05:00,1.0,0.0,2.01667,235.000000
45.162154,-84.9363,288.985324,2023-12-14 17:02:59-05:00,1.0,0.0,1.717558,235.000000
45.162126,-84.936427,294.183669,2023-12-14 17:03:11-05:00,1.0,0.0,1.906279,235.000000
45.162084,-84.936547,298.396347,2023-12-14 17:03:24-05:00,1.0,0.0,1.721119,235.000000
45.162044,-84.93668,302.264079,2023-12-14 17:03:33-05:00,1.0,0.0,2.130009,235.000000
45.162003,-84.936794,308.173561,2023-12-14 17:03:44-05:00,1.0,0.0,2.112091,241.300000
45.161946,-84.936905,311.940591,2023-12-14 17:03:54-05:00,1.0,0.0,1.899022,241.300000
45.161907,-84.937024,318.212399,2023-12-14 17:04:06-05:00,1.0,0.0,1.863426,241.300000
45.161867,-84.937139,322.495926,2023-12-14 17:04:16-05:00,1.0,0.0,1.966135,241.300000
45.161828,-84.937258,326.604343,2023-12-14 17:04:29-05:00,1.0,0.0,2.106275,243.900000
45.161779,-84.937372,329.942073,2023-12-14 17:04:41-05:00,1.0,0.0,1.962368,243.900000
45.161744,-84.937491,332.688653,2023-12-14 17:04:52-05:00,1.0,0.0,1.79656,243.900000
45.161698,-84.937612,336.899534,2023-12-14 17:05:02-05:00,0.0,0.0,1.725781,243.900000
45.161655,-84.937728,340.436968,2023-12-14 17:05:11-05:00,1.0,0.0,2.399515,247.600000
45.161625,-84.937852,343.826745,2023-12-14 17:05:21-05:00,1.0,0.0,1.864196,244.900000
45.161569,-84.937958,345.880792,2023-12-14 17:05:31-05:00,1.0,0.0,2.963075,246.900000
45.161475,-84.937972,349.094041,2023-12-14 17:05:41-05:00,0.0,0.0,0.539681,144.500000
45.161422,-84.937868,349.021517,2023-12-14 17:06:54-05:00,1.0,0.0,0.00755,66.900000
